1;1590;334;1515;793;1073;2472;1047;780;2351
2;2706;3561;1865;731;268;2951;3411;376;2752
3;439;3517;162;3610;3524;2934;2260;290;291
4;2540;682;1055;675;1578;245;3332;1064;3223
5;1034;796;1113;3576;994;1443;3490;1471;2564
6;3473;645;2382;3640;2140;2494;2005;2460;3337
7;2024;769;2026;1452;172;3107;545;2718;1584
8;1324;3025;3324;643;1638;2611;3084;2915;2515
9;1364;2878;3332;2378;1612;3478;922;3299;2390
10;2921;615;1416;2010;2067;2158;40;2641;2773
11;33;55;677;1235;907;564;3437;3170;3010
12;2455;3347;3345;793;806;120;26;2012;3355
13;1791;1576;1659;2859;2261;1495;1294;1321;2476
14;112;1491;557;74;1695;2905;643;413;1678
15;559;2974;2252;2764;3118;1624;1450;3640;940
16;2837;2813;3400;3633;1403;1688;1232;2102;2396
17;2762;1543;3300;2968;1747;1221;277;2563;847
18;1865;998;3256;2632;570;2016;2300;2716;498
19;485;2090;1596;196;13;3493;2926;1740;1549
20;1974;3209;1650;392;3562;1741;686;66;1543
21;3478;1426;89;2906;3107;258;3151;615;2617
22;3137;629;1601;3013;3180;3118;585;763;2551
23;417;398;2675;1228;2642;3245;3358;1330;3691
24;1761;1756;2113;425;206;2633;3212;3270;2178
25;2118;3425;3594;3212;723;794;1876;2454;899
26;3497;2672;795;509;1660;2438;3220;120;1933
27;1129;3343;8;2082;2980;2322;1392;2835;2290
28;2083;1439;1837;2791;416;1263;3119;626;3200
29;483;3325;38;2362;3421;2904;3241;2690;3535
30;614;2469;2000;183;587;338;2135;239;2242
31;817;73;3223;1650;2205;2155;3188;60;97
32;2698;2658;546;2093;1616;3606;2562;2037;2062
33;1912;1153;2759;241;2952;934;119;1924;355
34;2472;2038;1722;1408;3325;3111;3291;2918;3177
35;2879;3469;815;499;2673;1184;2426;449;1746
36;117;2726;277;1984;2971;661;1628;3057;269
37;2700;1312;1885;3244;3073;2487;2919;576;3597
38;1854;524;3225;2384;1485;3174;1376;2278;2589
39;643;1596;708;1616;3382;1267;701;2724;774
40;3175;3141;3489;2601;722;897;3264;2075;2144
41;1005;1441;3194;127;1318;1708;2101;204;446
42;2003;454;117;2501;3331;3258;2714;869;3086
43;711;3372;794;176;931;1102;557;83;1809
44;3232;2632;2903;2693;37;830;819;1881;1976
45;2845;2723;1094;938;2907;2314;3621;3182;2030
46;552;3117;2772;1543;1758;3455;907;3106;186
47;2986;2904;1094;585;2901;3094;1948;1502;1625
48;2522;3615;2413;1405;887;2469;2504;2030;79
49;263;2954;884;3566;1226;1285;2074;2350;1347
50;214;2382;3019;3339;980;3057;2272;2552;1393
51;474;1986;3386;1323;2550;2539;668;1799;1081
52;1429;415;1531;811;456;1010;3217;3102;3668
53;487;1291;70;3283;2188;1662;440;1115;2995
54;2769;2772;759;3666;1016;2762;1478;3021;974
55;3427;3395;3248;1644;305;1802;853;574;1375
56;1683;1291;3212;1410;1977;2008;1640;603;1324
57;921;3428;3095;1267;1763;1951;2242;560;1003
58;535;1869;3505;438;322;1211;1178;2174;3219
59;1550;1332;1073;3104;2986;3574;2842;1580;1453
60;2996;3202;432;2895;2907;2095;2460;387;2305
61;2813;2581;1597;1731;55;1904;177;2041;452
62;77;60;460;1752;2347;334;1214;350;2941
63;578;91;545;2752;407;1764;2874;86;2259
64;2762;2537;3084;1422;2186;30;2048;2704;1344
65;1510;1007;3047;1209;2465;1236;335;119;3705
66;973;310;300;1503;2123;3374;760;1258;45
67;2888;916;1463;3687;79;2635;1812;2182;3142
68;1528;1895;2391;3175;2563;127;2951;3417;2770
69;383;793;1617;125;1441;609;3097;3432;607
70;3173;3341;2236;1378;2725;2791;201;3525;1319
71;1072;3686;2985;916;2216;195;3386;3403;2833
72;819;2367;237;490;1578;3595;1888;3347;1491
73;1977;2233;1308;3186;1622;204;772;2636;3406
74;1975;800;1679;3379;508;1251;1139;311;2942
75;3372;1970;2586;812;868;2158;686;3291;3564
76;3052;3541;666;2002;270;2671;2592;2164;1724
77;2954;2053;1518;1044;183;1070;1663;1813;301
78;3107;1719;150;2343;1727;554;956;1589;1410
79;2266;1674;240;3637;1867;2841;555;3120;527
80;3506;2002;1515;265;1749;117;2005;1643;2017
81;3114;2721;416;2833;232;3671;394;2985;2604
82;3551;1683;2887;2540;2443;2309;921;705;3357
83;904;2044;3366;3655;2323;3222;1633;931;1693
84;111;164;780;53;1636;345;100;338;819
85;3490;2934;1484;385;3233;2690;376;279;1375
86;1588;3332;299;1584;1728;334;2690;1302;3205
87;783;2212;1423;2528;2590;3449;249;2053;2717
88;3142;2606;3084;3100;1455;67;3697;3325;1042
89;1941;1513;1643;205;3187;433;1187;2278;3475
90;1515;1748;3428;942;3057;8;3566;643;2157
91;3627;2315;734;3530;202;1080;1807;935;2082
92;3527;2772;2855;771;3318;3218;876;2360;789
93;2802;110;1014;771;1572;2690;2783;8;2149
94;715;439;287;2331;3286;1643;1874;2031;2205
95;2569;1314;232;1355;899;1350;211;3227;2654
96;1913;2287;675;1345;3632;3103;746;690;172
97;583;3488;48;3421;2305;183;876;341;370
98;75;3255;2451;369;2064;375;2864;1405;3527
99;1426;2837;3005;1636;380;644;2726;619;1867
100;2003;3163;3232;76;2077;3309;3695;3231;1052
101;317;3025;51;2172;1870;242;3031;818;777
102;1923;3308;2108;2939;94;1881;1572;1435;2934
103;2619;2452;2636;752;3647;2134;3638;2302;1751
104;2975;1108;1455;782;1271;2498;2082;1190;1278
105;2733;999;2026;2979;42;3405;3605;3562;3353
106;3652;2751;3221;2124;434;1255;1084;2066;3133
107;639;3609;2274;3647;615;523;3152;2482;3643
108;3069;3093;2999;607;898;2301;2813;2492;3643
109;1438;751;2078;2947;2895;1719;1613;974;1758
110;2540;2810;2863;1968;182;2165;37;2864;763
111;1559;3358;2618;3301;143;2840;2195;2839;1341
112;292;3397;2371;1365;3164;3252;1422;1342;568
113;1870;40;1765;1969;2492;3159;1413;3699;3426
114;2043;3565;3082;384;1080;644;2647;2330;2002
115;2387;1160;597;988;827;834;3207;1253;1661
116;1453;2784;786;1032;2299;2052;528;2708;3076
117;2365;3485;3616;1999;1116;1388;1987;2710;2252
118;2907;2155;2425;1082;1707;3397;1375;3208;2836
119;70;2608;1061;65;2475;66;2268;9;3625
120;264;2787;2291;3608;1544;2394;3116;716;350
121;205;2474;1441;3057;3088;805;2417;290;913
122;2605;2504;1056;1422;2594;1204;2464;3006;1660
123;0
124;2;6;7;10;14;20;21;23;24
125;1;6;8;10;16;18;21;22;24
126;2866;757;3384;3511;1184;271;3333;552;3665
127;249;1281;3483;2472;1565;3141;2872;531;2683
128;898;293;2084;3662;1071;63;604;3506;3541
129
130
131;1027;3453;979;2437;1715;2679;1808;587;2767
132;192;3329;2344;1317;1568;1633;2343;3543;1338
133;619;3046;70;136;3547;1608;890;134;883
134;145;1172;3260;552;1093;1192;1519;3233;2523
135
136;3419;884;2747;1558;2146;793;1708;662;1325
137;3232;1747;763;1668;3401;2770;1003;238;987
138
139;999;3561;550;928;615;262;3655;3563;1618
140;2399;268;1014;1829;2629;1034;578;221;961
141;1884;1514;2049;2474;568;1740;3302;3218;3162
142;2196;2650;3084;3254;1533;2113;3145;2636;3416
143;910;3561;250;376;1451;2598;2739;1525;586
144;772;2401;1398;2772;1264;66;2819;3179;2784
145;1555;1078;134;2788;2478;1722;2921;2007;1947
146;3114;1401;790;1530;3401;449;1244;293;3285
147;2272;1647;3088;996;2350;3423;3470;273;2168
148;2295;2898;1463;3396;1627;1617;351;1284;258
149;3419;2296;204;2028;2595;903;3657;2935;3421
150;2392;2824;640;2510;513;2076;1341;2071;553
151;1581;3165;2417;2605;3562;3175;3025;2342;264
152;2787;3660;2859;1426;2451;490;1635;2797;2731
153;2917;1311;3561;2296;1548;27;2364;534;3288
154;2162;1669;1478;1548;2738;187;2552;1319;1848
155;1558;1439;398;1904;2573;1717;124;3601;334
156;3450;381;4;2691;1393;898;3548;819;2881
157;1502;3416;1233;3063;2473;1241;94;1376;2935
158;1417;3222;1057;2946;3561;2145;3540;2576;3429
159;696;134;2295;1731;1689;3629;3324;2193;2408
160;1722;8;2295;656;1267;74;744;812;2747
161;1933;2438;795;3262;1668;3579;1480;1214;2976
162;3084;108;698;410;2089;242;1587;320;1427
163;2469;125;2176;529;2012;1285;2576;1378;457
164;3174;1217;105;150;1578;2031;2755;660;1351
165;134;3139;1628;1393;1610;3142;3436;2067;1750
166;2299;527;794;2283;1674;2007;2414;3544;3666
167;2393;2797;609;2240;3439;1817;1756;2987;3326
168;3355;1027;1354;807;2291;2925;3163;2901;1894
169;2704;1621;931;1244;3676;1078;3632;3202;499
170;934;3550;1223;910;2869;2262;3017;1453;1093
171;2632;1572;1578;70;184;1724;717;2638;1912
172;2126;1680;1492;3692;2904;1636;1377;1514;605
173;984;1241;2338;3436;3018;1525;3108;2420;2237
174;2048;3626;2654;3232;118;226;3027;150;1231
175;2005;1855;557;2521;3451;2564;3186;873;904
176;3428;1492;2810;204;3535;2386;3282;1562;3140
177;434;172;464;485;2875;678;2464;44;649
178;3341;1163;1805;2968;2952;967;96;567;809
179;417;2102;1690;413;2466;2173;2606;3510;405
180;2437;73;2435;1933;545;351;2093;2619;2572
181;1590;3238;2469;2067;2328;1428;2268;1445;1104
182;936;1537;420;2020;823;2094;764;83;3139
183;1104;2629;2616;1379;817;3434;3400;1719;2298
184;1785;598;3211;2480;2678;243;2496;691;795
185;2413;1677;793;1798;3514;2629;2765;500;2178
186;3259;3540;3666;2754;3094;2840;412;1363;1759
187;3267;3168;621;1211;811;1427;1884;1632;3583
188;1639;2452;3374;1398;696;3635;2227;2419;2367
189;3610;666;3563;2682;551;896;661;3299;1317
190;3018;2009;1472;289;1972;1751;1482;1089;2322
191;2759;1452;144;2843;1714;802;605;3347;2053
192;3115;2545;2262;1530;731;18;996;2881;1008
193;1390;322;655;2533;2627;626;1338;1680;1414
194;1466;239;277;967;2396;1871;529;484;1087
195;2912;2797;2165;761;803;2500;341;3608;2343
196;2007;2912;1044;3549;2823;2023;3223;2871;2717
197;2516;3534;931;557;3381;1080;342;689;2564
198;221;3401;3145;94;2327;2978;2534;2947;858
199;2212;3408;1942;3525;1504;2010;1865;2922;2143
200;3160;3559;3428;1403;3402;2691;2541;912;2458
201;3172;727;2838;1829;2243;3200;1027;3386;1856
202;1129;2699;3245;2149;3334;2208;1401;366;3077
203;2274;1382;609;3343;720;629;1978;3222;3139
204;2178;2806;478;937;1142;2219;1188;1052;1668
205;1336;3613;2946;1431;3519;175;3437;383;2318
206;1366;1470;2041;1371;319;2475;2687;40;2714
207;287;451;3139;1580;1982;3223;1382;1363;1223
208;904;3505;1264;953;1726;2626;1872;1270;1962
209;269;1733;583;3401;2998;1521;767;1455;789
210;1721;1754;3621;666;647;897;3068;2783;3586
211;2225;564;2071;2462;2465;3250;2126;3554;1073
212;2370;3367;476;3304;3616;362;942;3225;2268
213;436;2682;788;589;935;3395;1995;1616;2510
214;2647;1633;2915;2880;2397;3587;3521;984;2434
215;3533;1012;3447;2061;913;1868;3139;28;2364
216;3258;772;3095;2855;645;3067;752;1076;1220
217;3676;2340;1685;2724;2017;2026;332;393;2788
218;2310;125;1865;1455;2030;3119;3260;2090;2041
219;1690;1934;1535;3692;2648;3333;214;3180;2907
220
221;940;1904;1492;3545;3114;1579;1891;3380;205
222;140;3627;2816;2078;1364;3218;707;3081;434
223;3062;1750;1226;1558;3626;2340;3404;3694;1499
224;1408;2551;3215;1701;205;904;3069;2351;3473
225;555;2551;3554;1625;751;1881;2988;2738;2034
226;1162;440;3625;967;2342;2034;3486;194;3160
227;1504;2828;1871;2996;1344;3402;2894;2934;235
228;3037;3677;179;2146;2411;3349;3210;557;401
229;380;1057;3622;762;1810;1342;96;668;1995
230;1373;3555;3422;3654;1714;3525;626;1228;53
231;2610;3401;115;944;197;2045;1722;3184;1881
232;1743;3116;1264;1374;157;3000;3651;3475;1693
233;1659;3450;1837;2135;2493;3079;2413;2043;3045
234;1870;3516;832;632;2291;712;925;3221;3210
235;2302;3208;1268;2848;179;3541;2832;2982;2044
236;61;2889;142;2941;3375;2351;2510;2755;481
237;3433;158;3292;1562;72;2613;2339;3592;340
238;1913;2231;2124;1297;46;181;2838;857;2451
239;855;1550;3162;1190;1796;2910;2230;3336;194
240;3140;2474;79;2417;2291;3400;126;2730;3646
241;1852;58;2315;2431;1590;66;2445;377;1622
242;3258;184;3678;1305;2647;554;2712;1933;2466
243;3146;3343;2296;2382;3698;2092;1441;2426;3125
244;1620;1017;346;1862;1584;3246;316;341;689
245;10;14;2894;3002;3116;3572;1496;2236;1774
246;2017;237;1656;585;739;1914;322;3599;222
247;2223;2539;1995;2507;66;1409;771;3631;2901
248;1522;121;2568;727;3474;620;18;758;3160
249;1560;639;1269;959;986;2155;190;3235;3205
250;1217;3437;3350;877;3639;2783;209;3536;2678
251;2767;1073;2747;2618;3237;454;1869;911;3427
252;1032;297;3141;1047;2947;2726;3079;665;2404
253;252;85;3326;3163;3142;2105;1907;3619;686
254;1441;541;3396;3533;1413;116;3631;134;1107
255;195;3621;3285;2315;620;3279;3123;234;1387
256;2185;379;2861;2753;2738;888;904;1455;834
257;2254;2006;2231;2294;2224;3230;869;3351;3331
258;3034;641;2078;2414;3102;1238;1386;698;82
259;900;919;879;557;2934;1078;2407;53;1426
260;2849;3612;126;3206;3348;125;1499;3705;2621
261;3535;382;1342;747;1444;3288;1235;1586;2603
262;2147;2759;1234;3657;3414;1438;1116;506;3675
263;91;2905;3586;1267;1339;26;1666;815;1424
264;2763;1404;2063;2138;662;1565;1691;1361;2909
265;1347;2341;2094;1837;1743;737;235;3689;2413
266;2629;3389;2556;717;317;3344;111;2020;3067
267;1749;3404;1254;1324;1797;450;3419;809;258
268;2806;417;890;562;595;949;857;3412;1028
269;1972;90;2037;3214;1091;925;728;1396;713
270;3649;1860;492;1455;2700;2768;1714;58;3444
271;684;1541;3562;1220;289;1003;1556;2998;3574
272;2881;1962;3593;2337;2067;1951;3287;1959;1451
273;944;1305;1363;269;592;1954;3050;408;2617
274;1999;2906;1393;1311;1267;2350;142;685;1426
275;555;2274;287;3161;2472;485;836;2690;2614
276;2045;2196;3106;1325;314;2606;2504;999;691
277;1044;1663;1021;1940;753;2145;179;1123;2289
278
279;1423;2563;1226;592;2603;376;3638;2038;1596
280;1221;1420;1333;3555;1516;2726;2382;3111;2986
281;3689;2451;3433;2050;2833;3459;1094;1031;3577
282;367;1687;94;2753;3308;789;2819;2595;449
283;2746;1340;3606;2765;1719;3329;1050;1803;1954
284;2770;1947;360;3170;2294;3271;3633;2023;2837
285;1267;2672;3177;2879;988;1448;177;1087;1700
286;2102;940;1758;2053;2419;522;2816;523;3031
287;2245;2476;601;3601;1552;3376;2726;1611;1320
288;3654;1549;2610;2996;1332;2118;2788;3151;3373
289;1281;3532;290;1465;2883;415;333;1317;937
290;787;166;755;427;994;516;2930;114;68
291;904;3349;3311;1236;2016;449;3264;2156;1681
292;1523;648;2925;2596;1401;901;1681;2037;2478
293;454;2681;90;268;3286;3242;477;3127;2650
294;3355;2979;3668;3705;2619;2234;473;433;1390
295;2564;3574;132;2747;3122;1437;1847;807;2619
296;2306;1625;825;2676;574;1169;2257;1895;784
297;2650;3604;187;3468;414;997;3554;3404;665
298;1428;90;1853;1005;2814;1445;3194;299;257
299;545;3309;2140;221;3255;1243;86;3617;3493
300;179;1335;2322;3396;15;2306;313;1319;2076
301;1202;1982;2168;914;2608;1112;1871;910;662
302;342;39;1363;1961;3567;961;3328;1304;1
303
304;1993;1940;2878;1586;2455;1081;1025;3136;1389
305;3522;2001;924;2433;2209;916;1525;261;3159
306;1408;2021;2879;2843;3052;3195;1555;2435;3566
307;440;1461;2024;1080;1182;3679;2987;3017;2080
308;2045;1321;1698;1366;2738;2478;1445;900;2017
309;302;795;2536;196;2149;556;548;541;599
310;52;3391;677;2045;2457;2750;3349;112;1572
311;1649;2300;2344;1354;3300;271;1233;3649;1339
312;723;1753;2353;674;685;2772;2465;1515;2613
313;1759;211;87;162;3270;3260;1962;825;48
314;809;2377;3320;3182;1402;2326;290;546;2055
315;2882;2507;1988;1557;765;3625;2085;1547;222
316;216;2861;796;2238;2931;3016;2730;3078;271
317;1368;929;529;1534;758;830;638;1297;1647
318;780;2965;3405;1530;2536;2474;1616;3188;1188
319;1106;2325;1731;2656;2233;2693;2523;2934;1417
320;2681;3609;2571;2800;2050;699;918;2017;1047
321;667;212;2189;2320;1361;279;1354;2544;2500
322;1305;2856;2462;2184;1050;300;2455;515;460
323;3675;1599;2706;2550;352;2551;2373;3104;3038
324;3232;294;2510;1073;3480;1865;2175;2843;3171
325;3557;1516;2252;131;686;1750;242;1584;1286
326;3491;3544;1345;638;3104;353;788;3512;204
327;295;3566;2641;1531;3596;1855;3597;1012;2696
328;1610;3300;1993;1541;1881;829;1636;2704;2659
329;95;2537;326;222;316;237;1574;997;404
330;2011;2465;2580;2315;3424;1731;1482;1921;1809
331;392;1641;820;1499;2136;3505;1530;1234;2017
332;2508;2650;2868;1550;2346;3662;217;519;65
333;718;238;648;3573;937;1881;201;2726;3568
334;1684;2210;2402;483;1753;2926;1454;2883;3390
335;3159;3223;1435;3180;2034;919;2373;398;912
336;2126;1220;2680;1515;2620;3017;204;3536;660
337;1802;401;3333;1069;2772;1342;232;2136;2081
338;1894;756;228;976;914;2641;2516;3540;707
339;2571;3536;2067;658;3640;37;2812;1869;830
340;89;132;3347;1570;1318;1543;66;771;2812
341;3423;1590;2793;560;946;1757;136;2790;2364
342;3658;1366;150;1708;1593;601;1957;1838;2540
343;1205;3163;382;1864;1680;2783;2830;1693;3062
344;2787;1410;1670;2422;2572;2718;2658;2208;3611
345;1999;2813;1864;603;2688;2765;3589;656;2007
346;1447;1806;1334;2429;3473;3504;2563;2906;488
347;3411;3291;2071;1749;3305;1083;2901
348;668;296;3408;134;2727;2626;3067;875;111
349;2390;3622;1378;2227;2269;503;2411;521;2017
350;1711;3626;2660;2801;452;1392;1652;199;345
351;942;1494;2564;1363;2149;2874;1618;2085;3437
352;1568;2315;1868;3400;2791;1661;1046;1286;705
353;2352;2468;961;2169;931;1345;2907;3104;1559
354;3453;3704;832;1137;2745;3341;375;345;2622
355;2750;3519;112;1244;2971;1758;647;2274;2528
356;222;2641;597;2490;1474;3196;2321;1801;3670
357;595;2648;377;2507;541;2362;258;3381;3053
358;1077;2196;195;2234;55;2477;3084;1332;3019
359;3100;3396;286;668;3414;2138;3149;3182;1711
360;379;2570;2030;2798;2011;2818;1882;206;2693
361;3057;2234;3180;2140;1714;2465;1305;1393;3254
362;3538;187;2852;2041;547;2294;2817;3690;498
363;2445;655;675;3515;3270;3339;2996;2196;2102
364;3526;716;643;2783;3061;3282;2377;2550;3344
365;1873;3535;3678;662;1798;2248;2500;2281;2895
366;1085;2481;1654;2105;470;3028;2980;2511;2477
367;1070;212;2321;771;162;3345;3692;1589;1768
368;3411;2845;991;795;988;1539;919;2294;645
369;307;1391;3503;3140;1723;2469;3387;2907;649
370;3165;2295;1220;2318;766;3693;2614;3604;3222
371;2020;1413;2686;2310;1617;2596;3586;2069;1692
372;1763;62;665;1082;1435;976;612;1639;2759
373;430;1630;3397;1750;3102;315;2134;2305;578
374;763;802;3523;2048;141;3673;101;1437;67
375;3357;1447;319;1750;2796;3451;2946;1693;3088
376;424;883;1325;852;3197;1798;808;611;1967
377;1202;2656;2636;1347;2083;2754;3516;1376;972
378;180;837;2738;1034;1871;819;3360;888;98
379;3505;13;3386;1678;3061;1014;2686;2476;450
380;2723;2758;3220;3061;891;854;3232;2528;2923
381;2003;3348;1975;28;1636;1292;2973;2545;2327
382;2819;2544;2305;1936;94;3690;2363;1380;1797
383;2680;2565;88;3255;2431;788;2063;2224;2629
384;981;1751;1342;483;3361;796;3421;2686;55
385;2991;1181;2451;1976;3292;2116;2586;648;1055
386
387;1282;2882;2183;450;165;1326;3033;198;2675
388
389;3234;899;2396;3183;1193;2626;795;553;2264
390
391;2256;2648;1839;2204;346;2440;2283;2441;29
392;2149;1228;3531;1801;3533;1899;597;307;2070
393;815;2296;361;1290;3043;1162;3706;3352;2239
394;1393;2641;3291;1268;657;1877;1387;1455;1047
395;3679;440;118;49;2671;867;3699;2513;2138
396;1943;86;910;3477;3222;1788;3700;2616;2268
397;2943;1312;1502;1081;996;3438;3203;3490;265
398;2339;3448;48;3482;97;2129;1444;987;1660
399;2697;560;3152;2068;1382;2668;442;327;969
400;1472;3308;3144;1305;3077;425;2075;350;2550
401;1854;2799;491;2927;727;296;207;3473;2136
402;1333;2135;2950;258;2256;3700;763;3071;1014
403;2004;764;1618;3185;3255;718;3326;116;2289
404;1800;3495;3419;3139;3612;1181;2595;3575;3232
405;3208;2564;2170;3468;2974;3485;3619;3512;791
406;533;600;3052;783;173;2343;2183;1599;2907
407;2783;912;609;942;2550;1292;221;222;1347
408;948;1615;666;30;1463;1244;43;630;1965
409;2980;1311;2193;1912;1524;2301;2900;1324;3614
410;1267;3067;456;1333;3078;674;3408;2679;3563
411;1734;1380;2992;2828;980;1482;3373;2969;897
412;35;2755;2140;1070;389;1678;1931;3169;151
413;3064;2570;3081;3677;3695;2486;2961;3088;2654
414;125;3198;629;184;2435;2630;2731;2597;1724
415;1258;1027;2114;3512;2570;2748;2364;1888;3149
416;554;499;2102;2729;2565;1377;3017;3704;2649
417;2307;1698;1592;2673;2455;7;1388;2899;465
418;648;58;1391;2877;2037;1596;819;3604;1977
419;3119;2116;1042;3057;1217;2457;2455;3601;376
420;2479;1251;509;2269;2305;298;3483;3310;2503
421;1003;2113;3666;2362;1044;685;2328;645;3084
422;2878;3149;2305;1628;615;471;2539;2783;1363
423;1302;943;2147;788;1693;3203;195;1894;2537
424;3088;3684;3455;3676;2680;1376;2396;3117;3650
425;818;1369;3099;206;1465;2682;2901;2294;2706
426;3550;1156;59;307;1733;3457;1109;2868;1913
427;3347;3663;2419;2318;751;2018;1093;658;1700
428;2577;3212;2316;3676;2488;683;696;96;3345
429;1434;1999;1708;2658;2274;2005;3688;585;2688
430;1244;297;3403;1325;3284;2420;268;1747;3605
431;1880;1792;894;827;3338;2629;1400;2434;3188
432;2238;136;2479;1502;3224;1609;3483;2713;2055
433;3326;94;924;635;3111;2755;3285;212;2419
434;144;2733;132;3140;2085;3337;3616;194;2053
435;661;1332;1523;13;2176;751;1867;3333;1771
436;1649;629;2711;1217;1592;1634;1719;3145;1690
437;3284;1549;2044;832;2692;1317;2913;3136;2140
438;1422;1113;3233;2777;2050;2294;1845;2952;1933
439;99;969;2195;2678;807;3222;367;3005;3296
440;2194;3017;3018;2832;947;1265;1076;1676;2391
441;3372;3078;3059;2691;3079;1535;1921;3411;234
442;896;1881;2325;365;1239;3436;2019;2327;1499
443;3036;2133;3460;136;664;2682;2460;712;558
444;3141;293;898;2026;1528;2732;465;1042;1402
445;985;3349;2131;1137;881;1769;322;3163;3397
446;190;3172;3094;2921;3068;27;2454;3143;2290
447;1477;2988;1548;1926;2412;2398;2462;1933;2863
448;3662;1377;2618;3517;3396;1941;3701;3538;3555
449;2038;2772;1676;446;1410;981;1754;2690;3673
450;3666;2597;368;337;3259;2649;2830;351;276
451;351;3231;568;1498;3614;463;1802;1701;3641
452;442;3545;741;3005;1842;1691;2078;128;235
453;1867;2730;3305;3400;115;2720;291;2017;2332
454;3491;2270;1056;1675;2586;3466;2533;233;1047
455;2445;974;2571;2895;1753;923;1752;142;2632
456;2630;432;57;1342;2095;3700;2975;3527;669
457;2782;1610;1482;452;1152;495;1941;3270;1249
458;2118;452;1625;3417;393;731;772;2787;3124
459;3568;847;2089;1441;705;640;2296;182;2291
460;63;3705;2208;2752;469;3345;497;1801;2234
461;660;3325;517;2017;1693;601;658;2434;3585
462;1693;3139;2663;315;3647;734;2754;27;485
463;2321;1525;2142;2351;1048;2832;1643;586;3449
464;2955;877;435;210;77;945;1751;2769;1048
465;2338;1437;3560;2280;1658;27;998;11;1169
466;3425;1031;3081;1747;1641;2351;1038;492;3285
467;2474;801;83;1572;3152
468;802;2017;2108;541;3344;639;1379;3009;649
469;668;903;1749;2967;2465;2149;82;1478;2924
470;366;486;2420;1042;1850;345;767;305;1476
471;1878;900;70;485;425;335;407;2807;1954
472;3404;2616;3705;1891;1300;2501;1094;1382;3003
473;3626;2406;1770;2546;1351;8;1101;897;2822
474;406;2580;1800;2207;493;728;3557;114;3569
475;3073;2188;1997;125;266;912;3279;3683;1735
476;1057;2527;1856;794;1719;3324;3371;926;2429
477;761;115;258;780;1402;1668;718;110;3611
478;1596;3519;3077;3277;3685;1325;3104;1963;1808
479;2340;2632;3404;1701;3696;1392;2389;1923;2016
480;2322;2140;1680;3366;2451;649;445;2389;2563
481;1986;63;2438;1999;517;2797;2025;2923;2474
482;2000;1441;1333;2340;538;1640;1592;1451;1999
483;3501;1794;2547;3115;3493;2884;94;2979;271
484;879;2116;2140;1466;1221;3508;1083;3331;3688
485;2153;3505;2291;1936;3245;1721;2096;2907;2599
486;2554;1103;686;900;718;3506;834;1731;287
487;2366;3242;2158;954;2140;3345;3646;2837;1402
488;234;3139;2386;3475;1717;3403;3573;2365;1496
489;878;1036;1220;2123;1693;67;334;2352;2539
490;49;2031;3540;26;1212;969;619;115;208
491;44;338;1581;1684;999;134;2678;1539;3517
492;980;406;730;1319;2674;601;1810;2031;2429
493;448;2798;614;3373;70;2448;819;638;324
494;3557;379;832;589;2642;1691;2716;475;120
495;717;2435;2770;914;2349;3111;2298;286;798
496;2409;1708;2316;3607;3258;3605;3285;2812;2610
497;1852;2631;865;916;2823;3194;2470;186;712
498;2975;1244;2191;1590;1232;74;3112;196;2680
499;2011;1846;3118;1681;2626;2691;717;3448;195
500;448;3306;996;1129;1923;1545;3399;698;2009
501;2259;2649;2809;2571;1899;3339;2567;655;2552
502;1077;3603;3180;3389;3641;3573;2738;923;3151
503;342;758;2249;2397;3061;334;1101;1441;619
504;294;2465;2785;2837;3332;1468;236;3493;95
505;469;1947;1883;53;1722;1286;2239;2462;248
506;614;1811;794;1082;1727;2318;1387;2914;535
507;2233;2609;2818;2352;1371;30;1579;1644;1504
508;151;3386;2922;2403;3440;558;2785;2000;143
509;133;2759;3530;3452;26;1690;67;3159;2112
510;3221;2957;425;2034;550;1635;1098;1622;1819
511;89;2017;1401;1339;3093;2754;1670;1371;3502
512;1554;836;1630;1414;2187;343;1806;3091;620
513;1902;3095;1982;1192;274;2064;1423;1343;309
514;771;2430;2044;605;2724;3010;732;3674;3124
515;3345;1558;2567;234;3225;2492;466;1255;2771
516;2430;3003;3254;1393;1948;1347;1977;1610;1387
517;2641;1450;752;3074;1290;1657;761;1005;2528
518;127;1455;2116;2321;2350;2843;3222;97;66
519;1403;2134;3523;1392;3497;1219;1037;321;162
520;3677;35;2810;2314;2815;2681;2306;2436;143
521;393;1652;1321;2030;290;2988;149;1938;494
522;2641;1374;1377;3152;1232;2501;1647;1883;1881
523;2187;974;2626;1999;2445;460;723;498;2687
524;3402;1270;1719;3475;590;2434;3689;1858;1829
525;3019;3536;83;2688;2626;931;1581;802;2434
526;1711;3203;3184;1074;2800;1810;1758;463;1434
527;3677;3433;2608;2891;23;143;3704;683;3088
528;3666;2797;1027;3185;1077;3647;2069;683;1490
529;827;406;677;820;122;2188;2906;722;1616
530;3143;1539;1490;1899;2068;2351;3405;2750;3437
531;1280;2876;523;3401;2764;447;322;1030;3141
532
533;1801;2681;645;2026;222;3205;3661;2688;2511
534;373;2476;1899;824;567;475;2667;3397;2212
535;268;506;1439;74;1644;3139;2028;2581;1401
536;1360;2354;942;3613;76;2836;1902;3420;734
537;2364;2894;338;1076;2299;375;2227;2552;1852
538;3705;493;2629;2935;1707;544;668;2068;1530
539;1039;143;149;767;2843;3438;1292;1570;912
540;1678;2924;2716;1918;1413;2968;1438;1094;1064
541;1004;59;2635;3485;2244;1957;3596;446;1539
542;2528;2679;1875;3550;3693;2539;2068;644;2318
543;132;1914;980;2460;3360;2268;2940;1332;486
544;3192;3508;743;3506;1896;2807
545;196;281;3493;27;46;101;2393;97;1236
546;862;2865;1278;1001;1748;3568;3495;2405;295
547;67;2941;3670;2559;1787;411;1618;2540;2858
548;59;176;2725;1681;3095;195;1465;2769;192
549;2750;661;3672;2380;988;2925;585;1047;1610
550;2775;1794;2463;3107;3026;761;2854;297;3274
551;2189;2629;1265;2182;3604;3562;398;3426;1334
552;1484;161;1223;1268;1431;918;338;2010;375
553;2583;3259;714;2468;3377;151;1427;1410;2287
554;152;3128;630;958;3247;1633;1291;2829;3157
555;111;967;334;1120;304;192;530;1993;117
556;1639;1588;3311;987;3359;315;3078;1077;677
557;1297;260;2034;309;998;3499;2095;276;1558
558;1818;3273;448;1771;1142;3641;2214;2636;3672
559;180;2230;1592;577;1818;1554;2669;1082;2078
560;3136;2829;338;1560;3138;3172;878;1337;2031
561;1435;3227;1531;2843;670;3140;2364;1906;2466
562;647;78;2413;3288;3256;1961;1510;2326;475
563
564;897;2578;2793;1593;3140;3610;210;2178;252
565
566
567;2370;3172;930;606;2007;2105;2829;1915;3495
568;2102;2048;2723;337;1418;2455;65;2854;2859
569
570;2808;1182;3505;3052;965;1973;1262;200;1389
571
572;3186;1855;1523;2919;1881;546;3647;3405;3282
573;570;197;385;2153;132;1390;2528;2431;3009
574;186;938;2294;2108;116;1017;2200;783;3170
575;1520;1590;3122;2903;2550;648;1330;1875;680
576;3642;2770;3069;1528;1539;1379;915;3260
577;1221;116;2017;1426;2134;819;3425;1332;2078
578;1395;1624;2106;1836;1952;2191;1476;1456;530
579;2619;30;923;1502;2658;3405;3290;2234;3548
580;1671;2295;708;2382;1610;238;2843;751;3256
581;2362;289;2397;391;2992;96;3485;2754;1620
582;3003;3675;715;3022;2713;2053;3588;3285;2016
583;2528;901;478;3338;1344;1252;1003;1000;3470
584;809;2007;1219;2234;2536;752;901;677;2044
585;2821;2553;1151;1162;800;2360;337;1766;2591
586;398;1042;2686;383;562;612;2465;2501;483
587;2744;3499;2355;96;2341;2847;1326;2616;1806
588
589;113;2477;754;1048;1463;2181;245;911;2410
590;1840;354;2468;2635;2944;693;2832;1332;3605
591;1445;3197;1721;2988;2326;1353;3438;291;1611
592;3573;729;599;3666;471;1312;1378;434;1003
593
594;89;3185;720;2917;1616;648;2788;2617;1520
595;3664;535;474;879;620;2603;1261;1989;2305
596;2800;2364;1000;902;3411;1675;2350;3306;606
597;2399;3606;846;111;613;2860;1636;3151;1986
598;613;3575;3429;2523;1747;2696;653;606;717
599;932;1823;3252;2989;3566;2783;304;2015;2266
600;2190;3555;2544;1258;2031;3663;2898;2322;825
601;1348;2943;1028;3625;3075;2972;3429;1838;3552
602;2429;2490;2359;666;1688;2018;1403;2988;1606
603;429;1558;3045;1832;3352;1605;2177;3305;3641
604;1445;3227;2794;2506;3632;202;3199;1122;1182
605;2130;328;2084;869;1314;2253;3169;729;2398
606;3665;3293;1376;2918;3490;3402;1440;508;1403
607;355;2396;1047;1780;871;3035;46;3706;1519
608
609;1512;2224;1027;295;3170;214;3595;2290;1122
610;2507;1447;905;3525;1748;2577;2765;1214;471
611;677;682;2549;3290;818;3605;3473;910;2832
612;715;1503;2588;1187;63;2290;340;2089;1344
613;3459;84;3141;3679;3587;1707;1473;99;2721
614;46;2331;894;2745;1512;2807;1388;2665;2318
615;2477;1237;955;315;606;2632;614;382;1716
616;3551;924;756;800;3221;1335;1823;1633;2238
617;1215;3473;763;2216;2038;2357;1902;1714;685
618;680;3338;3064;1268;131;435;2321;2967;2874
619;3209;3658;1540;592;366;3273;1969;699;2631
620;144;832;1135;2840;1531;97;3332;2119;1906
621;1940;1094;2342;667;3232;3432;191;3328;639
622
623
624;3289;892;3385;3043;1091;1131
625
626;3294;1609;338;1509;3280;2520;367;3123;953
627;195;3534;1445;3188;2798;3232;3455;897;3386
628;3094;2126;3184;3139;2629;942;1726;463;635
629;2207;2072;1444;1059;2675;484;2405;2699;2189
630;2342;150;1641;234;2755;3358;1938;119;3693
631
632;939;883;1212;3531;1495;1866;610;2406;2229
633;1329;268;1864;2769;1724;2399;2149;728;2458
634
635;1334;456;1241;2603;1945;2208;3231;1254;737
636
637
638;2001;190;1995;1141;2432;3703;606;1075;3171
639;3027;1943;3227;1498;1488;609;2236;3366;1694
640;761;934;896;1719;1631;3545;2855;1387;793
641;3145;3396;919;934;3023;3018;1533;2419;2374
642;3403;2445;1189;2133;808;3660;1679;2929;1754
643;3651;494;508;2859;402;1037;1476;1199;314
644;1926;3612;454;673;2570;3397;236;2092;2726
645;3130;1776;2031;1301;2415;1836;3204;650;39
646;3233;1204;2751;53;2873;1967;1029;31;3482
647;926;3406;2034;2780;2383;1817;1643;336;942
648;693;2535;433;1309;1999;1860;1582;1886;3048
649;949;2101;2632;2841;1467;1375;2220;1372;1813
650;1430;3120;2037;3141;3676;937;910;1268;1526
651
652;601;974;3432;2055;562;1572;3084;1856;232
653;245;877;1578;1931;3333;1530;782;2529;1412
654;3667;2435;1427;937;1405;1077;2603;1555;1387
655;1867;3371;518;2441;3594;1383;3121;3457;3071
656;1939;1531;796;1457;2626;2569;1305;1234;541
657;1981;2599;3624;1731;1346;2041;2590;2924;1686
658;3553;1355;1304;1161;2832;3264;3505;1191;484
659
660;1325;1231;958;3111;136;253;884;953;713
661;3321;65;3427;2146;326;612;190;1387;1470
662;63;950;1996;1389;2653;2540;1875;1677;509
663;534;1248;2515;1233;2262;1229;503;742;444
664;2521;1364;675;1753;446;1814;3515;113;1502
665;369;3482;988;2220;629;2466;1604;2346;1474
666;3611;904;1548;1286;3004;3281;365;15;901
667;2920;1596;2737;3601;166;2400;2365;425;1066
668;469;298;1721;1774;3271;286;428;1173;1790
669;2350;1719;2974;2900;1731;3620;1249;3196;2765
670;149;2031;241;1929;899;1560;2561;439;875
671;1666;921;1546;2334;2975;531;2419;702;900
672
673;403;517;2037;3314;1755;1143;1039;3468;3673
674;368;3556;3329;3586;3306;334;1131;358;460
675;1184;2487;2884;73;3526;3454;227;3015;1335
676;883;1559;3085;2254;1560;2644;2879;886;2862
677;100;3656;3194;1944;1884;361;1902;249;70
678;2900;272;643;1702;552;3324;2658;815;2293
679;2907;3019;2539;1340;245;551;2610;1717;923
680;3371;2360;888;1752;2436;640;1648;269;3048
681;1629;2992;1054;2220;1220;1656;159;1770;3311
682;2400;1370;3583;1611;3316;286;3611;2722;375
683;2252;1122;2616;3553;2219;1684;2448;2340;347
684;1439;643;2574;141;1064;1650;1894;2724;2458
685;2088;1299;3641;77;2550;2720;141;2314;1875
686;2152;2099;3349;2941;3383;864;2822;2336;3686
687
688;3146;2116;263;2296;858;3608;523;846;274
689;3250;646;99;431;476;2030;1142;2951;2055
690;1644;541;657;3197;53;104;1749;938;802
691;181;1671;3349;2340;1476;3015;3031;3433;1394
692;3349;1666;3547;3057;3216;2005;2951;3647;3639
693;2205;382;3165;2281;209;1422;2854;2537;2540
694;2699;1128;1089;2468;2690;1076;2945;2710;488
695;3602;446;3565;1514;1410;2423;463;2580;830
696;2421;1503;1513;47;2525;627;985;561;3635
697
698;3245;512;1401;3175;2136;2782;820;2597;1766
699;1739;2343;577;2815;2333;1038;885;1919;2853
700;222;1918;3013;1596;1073;3305;991;2813;547
701;1595;2213;111;2487;2746;1741;371;1660;299
702;1201;1851;2770;4;2393;2504;1978;435;256
703;53;448;3119;2929;2582;2285;3233;663;1684
704;3391;3299;2290;1599;1441;1693;986;1373;3406
705;289;3535;248;3408;2272;2020;3053;454;1361
706;2985;127;3405;3468;405;1333;980;2115;242
707;1584;71;3438;2408;194;1436;2140;1502;396
708;3512;838;2594;2947;847;933;2025;17;2141
709;763;1300;2573;1405;2422;902;286;1644;1712
710;2808;1853;1418;543;2937;392;3469;3612;3556
711;887;1129;1913;3104;1329;90;2233;3559;2705
712;463;3243;1649;1072;3256;629;686;3212;3136
713;2685;2622;2540;1093;1210;3608;2308;3084;3350
714;1712;1221;3508;2912;3290;3180;1392;1330;660
715;887;2290;2833;2233;2392;298;2887;773;778
716;1264;112;377;161;719;1706;2574;2223;234
717;444;1502;2959;2743;832;1415;3673;1433;2059
718;958;3085;1560;1606;1733;2611;1096;2061;3111
719;1268;3265;3641;762;3698;1387;1430;795;201
720;1162;2853;2824;3271;2075;1854;3626;1866;1396
721
722;552;1461;1383;629;3333;2685;2063;3388;1504
723;2091;1044;438;67;1069;2277;830;3179;172
724;2243;325;2034;598;638;2432;317;2322;3128
725;2605;396;1228;2943;2352;1378;561;512;3609
726
727;1304;793;1223;2322;2161;541;141;820;3688
728;3203;2276;1817;3436;1888;2350;3445;2037;2840
729;2935;483;1230;3389;3348;1494;3085;72;3408
730;660;2082;1048;595;1113;3021;411;3151;665
731;2756;1191;1234;2531;61;2007;3530;1137;2899
732;3388;3682;1175;402;1885;136;3059;1776;3154
733
734;1117;2716;2486;613;3136;382;1036;28;1129
735;568;1517;866;1586;2587;2749;257;825;1305
736;1977;1005;2929;1712;1364;1430;125;1499;2972
737;2752;1372;1958;3350;3529;793;3189;370;143
738;920;802;2140;258;2843;2724;3290;3612;236
739;1964;2264;2685;1453;2050;1390;3474;556;976
740;865;1239;1285;2803;1997;3610;928;3255;97
741;395;1641;3515;3205;2913;3694;1647;3701;393
742;497;2196;701;1714;613;426;2131;3328;1082
743;923;1993;3496;2350;1417;301;2310;2750;865
744;1027;603;1465;2223;184;3394;616;1855;1142
745
746;2986;763;1572;2474;3425;1698;931;3391;3514
747;1793;832;2364;1559;3030;2548;224;1934;3256
748
749;2348;1012;3637;3394;1213;1557;2876
750
751;1509;949;427;2221;968;2959;2518;2497;1143
752;268;1509;81;1846;1216;2122;1988;948;716
753;300;3661;615;717;744;2266;2912;395;3378
754;876;3425;1625;1652;1668;162;197;2915;3495
755;1549;409;3019;3566;2426;1639;1323;3470;2906
756;1341;609;2781;40;3233;1127;440;2986;2351
757;1387;1379;2090;2030;3423;463;934;3139;131
758;2687;267;2333;176;1220;3449;396;203;2260
759;2876;1405;1252;3526;3161;2769;1717;2643;1020
760;941;2580;802;664;177;1001;65;396;1865
761;2134;820;3180;2574;67;2411;1014;2093;1375
762;2373;2604;2190;2572;951;945;2061;548;1341
763;1709;2598;1973;3333;362;501;2970;1423;342
764;2912;410;2669;777;2026;3139;180;3468;2055
765;3359;1680;3564;3482;403;2381;543;2963;1535
766;2894;2340;1531;2313;1246;1551;1819;3512;1954
767;1713;3450;1988;1077;880;237;3376;1918;2255
768
769;307;454;807;1851;56;412;1258;2311;263
770;1303;3373;3349;541;2943;3438;2095;673;2283
771;3166;2308;2183;1307;1888;358;3156;39;2923
772;520;1279;549;1234;2759;473;1067;2251;1701
773;2991;1542;950;3401;2498;3367;2267;3682;3384
774;3493;1186;2789;2081;3612;572;1507;40;1319
775
776
777;80;2313;536;152;2785;404;2128;2505;122
778;3564;2644;3314;3232;1356;488;1751;2351;3358
779;1711;2102;2041;987;665;3601;2619;2244;562
780;1804;2611;3428;1614;3500;1419;1039;3243;3265
781;2747;1344;2176;1417;1481;206;2659;2615;1717
782;676;2572;282;151;899;2973;2437;1350;869
783;2088;3476;3677;320;347;1259;1124;3246;1462
784;366;3232;788;3698;2854;1762;1630;996;1328
785;96;465;1749;1465;2423;2802;2182;2390;2166
786;1863;1333;1860;2494;3405;3085;2623;3533;2986
787;3159;1876;2301;2698;141;222;2473;271;3067
788;1707;1590;2389;1583;2273;1362;2595;1518;2250
789;2944;1052;1731;3491;827;276;2801;2238;412
790;1147;3448;965;45;1820;3603;3195;2926;2296
791;2947;1528;1314;3564;3530;1881;131;2552;1686
792
793;1418;58;955;3583;3663;2202;2250;1208;1274
794;2462;1973;2687;2489;2429;451;1164;3608;3282
795;3626;1102;2513;1744;464;1166;1630;1155;960
796;1435;3526;785;2631;395;3389;122;2350;3677
797;2273;3118;2477;830;1708;2573;439;2926;2748
798;2504;2104;2085;2647;3198;3523;3684;2913;2555
799;2735;3288;3387;2545;1893;101;3404;3320;251
800;3695;1597;1453;2659;1252;1038;1847;820;2482
801;1484;2456;257;1849;1385;193;2452;1135;1495
802;3679;1160;330;1816;320;3549;2214;666;2232
803;2792;2916;3647;1391;1403;790;1995;3657;2382
804
805;1351;325;1344;111;981;3490;1533;8;2838
806;2896;2610;3002;2007;1044;718;3385;2225;2992
807;2491;2312;1286;1694;2201;555;2640;290;211
808;2348;145;1418;1783;32;1459;1948;2945;427
809;470;1015;345;1671;3331;909;2224;2872;1200
810
811;2437;3622;1402;2676;2922;3408;2802;3225;3339
812;3037;3473;11;1462;507;2269;922;2883;767
813
814;3681;1905;373;2381;382;3320;3637;562;3503
815;2738;989;934;621;3300;2275;1586;2638;2871
816
817;353;1825;477;2779;2953;342;1491;1386;2610
818;2988;1948;1740;1728;3005;2227;1647;2269;879
819;285;72;425;2476;1345;3379;1098;499;2958
820;1303;1935;2021;1765;2670;355;3587;1268;260
821
822;3305;3515;3327;3171;1696;2923;817;774;2755
823;2810;1057;3215;3229;3480;3700;881;3414;1526
824;2183;98;1584;1335;153;3322;3191;1779;2159
825;2410;3566;2658;3119;2445;1906;550;767;2924
826
827;1266;998;1230;1767;2006;1502;1472;1381;955
828;1160;1888;3639;1148;1811;279;3524;2815;46
829;2080;1789;2419;2807;2504;336;2168;1486;2842
830;2139;779;1563;897;2549;440;1257;2428;2787
831;2933;1351;1517
832;1610;3214;1555;682;1102;1050;1747;27;454
833;1465;49;1880;497;3619;1254;3113;1836;2000
834;3118;1347;1076;3490;90;2617;1943;1541;3002
835
836;2138;2222;2291;2226;3660;3420;98;3565;1901
837;1831;3129;175;3445;1595;1305;3144;1801;3248
838;2727;2431;2943;2596;2706;1690;3227;696;1087
839;3327;1628;3263;387;187;1239;900;3473;1520
840;2373;559;3114;3019;1221;1616;1398;999;632
841;2998;2693;3325;2234;3491;1686;2300;2699;1591
842;3585;1393;3069;1226;3654;668;2995;1578;1714
843;424;2629;184;2643;812;1530;3067;2997;3501
844;1520;1869;3349;751;1226;2407;290;2552;2108
845;2455;1093;408;897;825;3617;3290;1465;2085
846;3610;3661;2147;2507;1229;1809;2707;683;1046
847;870;2089;3689;3085;1357;1855;1886;3530;969
848;2407;2728;808;886;3561;3605;1644;546;389
849;2819;556;996;2836;110;923;646;2478;3498
850;1572;1360;887;3473;1342;3396;268;2344;1747
851;2301;2754;2721;3233;1220;1070;350;1437;1303
852;604;1263;720;2030;3353;1523;1401;3615;2394
853;2478;3345;184;1549;2045;1267;178;960;585
854;2975;1828;37;553;1670;2469;1604;3400;1860
855;2691;2275;3601;2165;2674;1434;1550;2450;2114
856;1441;2136;2007;2620;2906;1502;523;2250;2644
857;2027;564;1064;1400;3381;678;3402;3542;1374
858;2449;2053;1044;3613;35;2563;3657;337;279
859;3372;2572;3585;1439;1572;1555;1252;3669;290
860;1698;258;2727;923;1332;2044;1574;1323;3420
861;2986;1692;3693;818;3019;1799;2479;2294;3081
862;802;3260;771;1323;3372;3151;116;2717;3363
863;2704;3111;1448;473;3418;3010;649;1616;483
864;2632;517;2579;1722;3425;2381;2310;3152;3290
865;795;2776;1349;2137;1762;3628;981;508;1561
866;2053;3685;2466;3493;3212;916;1616;2450;3627
867;2304;3118;2630;648;808;2643;3129;1545;583
868;905;3638;1271;379;1516;1478;2626;2299;2667
869;293;2809;915;2620;1308;3477;1069;2023;3363
870;564;2597;2974;2312;3140;794;2935;1099;1016
871;1604;3404;1420;262;3364;1147;751;2078;976
872;830;1562;3317;2819;3689;82;3656;279;1647
873;762;2661;926;999;734;2881;1398;2637;451
874;2814;1324;2381;1555;3018;1868;3586;1472;207
875;557;3403;3600;3225;2488;1995;2812;1097;3473
876;1807;712;817;3275;2777;2355;321;255;1240
877;3376;941;3349;1840;1066;3196;932;987;649
878;3533;1409;759;1414;1886;558;2480;590;1978
879;227;2834;286;1255;573;2819;1510;2789;400
880;162;2564;1699;1972;915;3519;2431;1426;1362
881;2085;184;879;2157;3548;686;1099;1003;2410
882;3561;2382;3056;3611;1948;3285;1515;3357;694
883;3184;2864;1492;802;910;2226;3218;2574;3668
884;3477;1622;3044;2113;3003;454;3111;3689;2617
885;1637;1311;649;3291;3111;76;3270;2310;1431
886;2165;930;1972;3401;761;473;124;1549;3437
887;1346;2364;3550;2072;2023;2031;771;3418;2053
888;3112;3478;2139;2366;2783;903;1711;3064;648
889;2039;65;2408;3479;2827;626;676;1997;2101
890;1044;3019;2608;209;903;2398;3668;2356;938
891;2444;808;3334;1570;133;2837;819;3535;2318
892;2726;2372;3470;900;3059;903;3438;401;2342
893;3372;2315;2610;3258;3534;33;2608;3339;1693
894;3611;2037;2619;3119;2010;884;938;2068;1750
895;3688;522;2539;783;1722;3184;222;235;876
896;3308;1879;440;1352;336;3172;2726;3086;656
897;134;368;374;2919;2563;3329;971;2409;2581
898;2110;1261;2842;2015;2217;770;3661;3196;1803
899;314;3565;3454;2731;1038;3543;1472;144;2671
900;599;2642;869;653;61;3586;209;471;1177
901;2304;583;2627;2941;1868;1235;1805;1162;1038
902;2942;698;2054;1114;1995;890;3690;2963;246
903;2030;1300;2973;2006;2164;2191;841;445;800
904;3529;2873;1711;3122;3515;1429;3524;573;2137
905;616;35;1511;449;3498;3690;2008;3590;147
906;2515;1151;3438;1101;2459;1395;601;3239;1108
907;2340;818;2119;2933;2236;2195;2405;2360;1206
908;2057;554;585;2044;762;2907;2843;3109;2462
909;1511;2571;3111;3300;3621;3180;1285;3327;2836
910;756;2479;1178;2640;3207;788;2075;644;3023
911;723;1720;2025;645;96;134;2233;2407;337
912;836;2716;1144;225;1662;231;1309;872;2483
913;2104;3371;1302;269;572;2019;914;1235;3490
914;488;1200;2597;763;249;691;3274;252;3217
915;3567;3677;408;3174;1901;2022;1016;3371;944
916;2570;979;2423;3503;2992;1966;3051;680;2961
917
918;2685;567;482;3611;3540;354;438;2902;1251
919;2278;1473;3083;940;523;934;300;3700;122
920;3464;575;1900;1954;1270;2279;1976;2802;1939
921;221;2380;2616;224;897;2126;2282;1299;539
922;2025;643;1207;1867;500;912;1046;2212;395
923;242;1626;3134;3281;1845;139;196;1337;1008
924;2721;1995;301;794;1772;2810;2720;3614;1801
925;2449;1410;980;3483;267;1451;2452;847;1302
926;3495;2131;1400;1746;2564;1252;3696;234;196
927
928;1999;1885;1963;2444;3490;3202;2845;922;86
929;269;3333;1492;283;2919;1636;3544;1405;3068
930;212;2200;2611;2641;3376;420;3566;2317;1106
931;3511;1148;1619;1824;1246;1701;212;3051;1941
932;513;3527;3223;912;2706;3622;2946;599;1989
933;235;3591;1292;378;3203;1923;322;632;2798
934;1532;342;2995;2202;919;3550;1668;1700;3142
935;682;507;3329;2734;2105;1398;1809;3371;3587
936;3653;2830;991;2894;1810;3094;486;8;3290
937;1702;3128;79;2052;2778;916;3314;3457;1805
938;3552;1671;2569;227;3671;3632;1171;2138;1473
939;3320;3575;2730;3553;2477;3325;2480;2398;877
940;1555;2623;492;2940;2881;3173;846;66;994
941;232;1077;1688;2745;2442;2238;1807;356;2922
942;683;89;1351;2460;3540;2503;3365;657;1935
943;2107;289;2837;2663;268;998;2561;889;3308
944;2603;757;3169;1855;284;1871;279;2468;3095
945;30;3700;783;3420;1361;720;244;2010;1530
946;1858;2238;2114;1856;2572;2793;809;2517;543
947;438;1034;3100;3508;1623;1129;1201;2061;408
948;1659;953;2564;999;2435;269;1649;2698;3646
949;3538;3687;2041;2996;2037;3676;1412;2640;635
950;3034;2791;600;3672;896;1325;1498;3119;207
951;2683;2527;1825;513;2392;2290;60;2863;664
952;1047;2808;207;2701;1698;2302;790;2138;2888
953;915;536;178;2351;954;1061;1474;938;2093
954;2934;3225;1690;2601;2429;947;1693;3205;3688
955;3401;2352;846;3002;3574;2627;2085;449;1482
956;2007;914;734;3158;3490;1722;369;1758;1972
957;1870;2507;1234;3568;652;2116;2150;1047;1424
958;1641;1555;1910;3633;3260;1434;112;1420;132
959;882;1761;2539;632;1910;222;3668;305;1390
960;1549;794;178;3554;2720;915;3680;2939;2541
961;2429;772;1368;1463;244;2451;3586;2310;3392
962;13;2304
963;1864;1382;1417;1590;3666;2967;3003;2316;1707
964;3550;1515;1350;1625;632;2020;1000;1572;3391
965;925;258;2134;3386;2706;2726;3696;3101;2672
966;3184;3299;3016;2432;106;2918;67;3685;501
967;2296;222;656;2458;903;208;2550;3022;1081
968;111;914;2629;660;937;43;3685;3300;3414
969;121;1866;3660;930;2159;802;1268;1921;297
970;1951;820;2037;2084;847;1032;2369;1597;2901
971;1078;1535;3231;3067;269;661;283;1543;2663
972;2934;1072;2272;3144;2150;89
973;3495;931;3653;1596;345;2474;3345;1356;1317
974;3141;940;564;1615;2490;918;3100;3084;318
975;1022;243;1104;3579;3185;2138;1110;2876;543
976;2923;2093;1557;3483;1937;1303;3427;3092;1687
977;531;133;1578;837;91;668;2877;2626;2986
978;1271;600;541;2891;2894;3581;2413;417;74
979;607;2855;2413;1335;3111;1037;2181;1921;1005
980;1982;3009;1958;3125;1207;1301;1525;1342;2139
981;2296;2475;3588;1373;2084;1387;3403;3215;2718
982;3149;1332;3348;3163;2242;717;793;1721;3250
983;3177;2374;1046;1412;94;3334;3632;3653;2668
984;1843;1978;670;2950;2131;3255;921;1087;1852
985;3288;3077;3542;627;3183;3395;258;493;2029
986;3196;3082;377;3618;513;468;3139;2240;3548
987;3067;3677;2437;3549;1426;3397;2008;94;996
988;2029;1688;2257;2053;392;425;931;2312;249
989;382;2616;1344;2134;3447;2053;814;3247;151
990;546;3333;2464;2953;2332;2726;2963;1746;1055
991;1265;1977;1190;3251;3690;3627;2465;1779;3352
992;3305;162;115;907;1637;2168;1972;1591;3068
993;3601;1639;508;376;186;96;2843;2448;3436
994;1747;132;124;3547;3118;1338;2093;3392;1229
995;2173;803;140;1486;324;411;3293
996;536;2562;1924;3166;430;741;1968;3149;1368
997;2220;2922;3224;2102;2462;1308;1590;2627;3634
998;1077;127;2533;1616;2162;3628;897;2752;3291
999;4;380;1447;3145;2803;2123;2521;947;2205
1000;321;1710;2897;3566;2263;729;198;2526;1308
1001;1012;3663;3140;2534;925;2383;2052;3082;1333
1002
1003;3236;2563;2281;2910;1250;1825;2236;2630;3672
1004;383;643;1350;877;3339;3079;2382;609;901
1005;2131;2351;1754;2446;134;914;2884;1171;43
1006;1671;2382;3184;3405;187;2947;1763;2420;1523
1007;758;1714;548;3279;111;2939;2095;871;1574
1008;1746;3611;3119;1720;2704;547;1285;607;2934
1009;1455;643;1521;1344;3408;2417;898;560;3519
1010;923;2718;3424;2492;661;1731;2478;808;2517
1011;1396;3689;3402;3533;476;3552;3550;86;942
1012;141;1091;3081;3615;30;2833;866;731;1257
1013;2680;661;3170;1271;1229;3232;1720;564;710
1014;399;2453;1042;1254;3655;270;2857;3313;3277
1015;1883;2029;1550;448;2329;1993;1895;2887;2359
1016;648;3038;1364;3045;1858;857;2067;119;1816
1017;2315;3180;382;2039;655;3109;349;1334;2611
1018;553;2925;3349;322;1240;2539;238;2437;3353
1019;619;3109;661;713;1083;517;2037;1403;1398
1020;2125;412;207;2707;543;780;1558;2554;1333
1021;639;830;2549;1951;106;1988;1047;558;2971
1022;2647;3508;3392;915;2788;2610;771;996;1034
1023;1845;1252;387;658;1408;2773;3285;1373;38
1024;1689;2644;2617;2924;2726;134;141;2457;1763
1025;2817;1698;1401;1047;699;1396;1405;1534;1502
1026;1434;3575;2131;731;2726;3621;134;1720;2968
1027;1711;2144;3245;3504;3038;997;476;1867;536
1028;2670;1681;1390;2814;762;3575;1339;501;1637
1029;2053;1348;2038;2753;912;2537;2971;788;3525
1030;1420;1699;2327;2149;677;2934;1029;2274;3183
1031;823;2866;1307;2830;3101;72;424;3133;959
1032;2733;1589;393;970;734;3575;1596;751;1800
1033;1719;3347;1701;3184;2093;376;3067;517;2468
1034;1302;1944;875;2106;3049;251;1141;983;1948
1035
1036;3403;40;2577;2274;529;1906;167;1669;2431
1037;2145;3305;1094;3393;2539;2642;744;2878;669
1038;211;601;1947;2943;2357;1234;222;2940;952
1039;3668;475;781;552;273;2704;630;2037;786
1040
1041;3629;2123;1571;2672;402;2812;2001;924;3502
1042;439;1030;5;3685;3143;2184;1480;2226;1825
1043
1044;2475;67;2358;1266;2205;1724;1629;3628;198
1045;3453;2897;2877;206;2068;1332;1434;3622;2791
1046;3485;253;3611;2329;3474;450;3262;1662;2471
1047;392;1914;759;1771;88;3350;1127;2456;1663
1048;553;3057;3439;3184;555;2897;2572;1951;1596
1049;380;8;2017;3018;3595;2364;2382;97;3548
1050;832;1811;2837;3480;3285;2573;2373;3053;2567
1051;3514;3109;3561;214;2044;1616;2034;116;1698
1052;3409;3039;2688;2581;1236;2830;3277;2631;3431
1053;1414;1758;2754;720;1989;3218;701;986;3107
1054;1551;2028;2773;1693;1397;694;1094;2020;825
1055;3609;1199;1392;2399;2762;1510;3477;1332;3331
1056;3105;1252;2816;762;2090;1335;2895;3422;732
1057;1568;535;86;328;843;2080;1290;2558;1660
1058
1059;232;910;1711;1466;1381;896;2134;3149;2007
1060;2422;1602;2407;2861;2579;2478;3149;2492;3144
1061;3477;1279;1684;2843;2695;2325;3465;2839;3474
1062
1063
1064;1861;3527;2360;1236;965;1487;415;127;77
1065
1066;2683;1037;916;3688;2527;1541;1441;1969;3095
1067;2429;772;1549;133;2686;3058;2605;405;1001
1068;2943;416;1509;188;1896;705;2937;1124;2100
1069;732;1244;1620;2041;2009;3326;383;3484;1747
1070;3626;1863;1028;753;3478;3173;1985;442;1650
1071;2471;1667;2346;443;3473;89;3581;1969;2898
1072;1176;860;2980;546;1618;2795;2381;457;924
1073;3348;1452;1375;47;3160;2803;3122;3045;2090
1074;2980;292;1962;1410;3668;1737;3575;280;2042
1075;180;1215;1627;279;1659;2950;3533;3219;3205
1076;2562;3308;680;1663;291;812;2995;2504;560
1077;3338;1014;1694;3162;1893;1745;1950;3412;535
1078;179;3499;1742;2558;300;1732;1553;2310;498
1079
1080;3005;2328;2570;760;3613;1972;3185;2613;3594
1081;2369;1930;381;335;3328;2458;3102;3578;3618
1082;2188;2972;1485;1391;1666;3421;2359;2298;2539
1083;1170;2179;3222;347;1635;518;2782;2295;815
1084;3260;40;3396;3604;1439;2843;3634;3515;2787
1085;974;3140;1674;3562;74;37;751;2041;818
1086;1333;646;807;668;3428;3288;1532;681;1444
1087;543;3116;3509;358;1191;2022;1101;911;3168
1088;3428;3106;1348;3350;2842;3242;2517;235;3117
1089;3064;216;3095;1602;8;979;2053;3468;172
1090;897;3692;2725;1649;1081;2536;3437;2721;646
1091;1252;1636;2369;699;732;969;1266;2318;2903
1092;3693;1809;327;3180;3151;720;3573;1074;3233
1093;2447;887;987;1740;3274;459;47;1115;1587
1094;2447;3143;1777;1815;1882;2063;3380;2495;561
1095;2344;2113;1077;3129;3372;2501;513;2950;3539
1096;448;716;1686;618;2252;2741;2317;2955;3484
1097;1401;1379;2924;1758;1271;184;1339;1570;699
1098;3285;2045;550;735;3180;3638;1617;1394;2727
1099;866;771;896;723;2003;3360;999;2614;1893
1100;1492;686;513;2172;447;454;3561;192;2318
1101;710;2800;1897;2830;1666;187;2613;3209;52
1102;2011;3672;2234;3566;3180;2114;2351;1668;1860
1103;3194;3684;2274;265;3328;234;1587;350;716
1104;787;1005;924;548;925;2720;3654;1228;82
1105;612;2792;3370;111;607;2921;812;2474;2837
1106;3345;3211;2113;717;929;2500;2393;647;3651
1107;134;2044;2053;3364;187;1031;600;974
1108;547;3002;2783;554;648;1616;1692;2045;2549
1109;1073;187;3144;1751;1401;1378;1572;1332;624
1110;2783;3358;2396;2747;801;3421;2814;2724;237
1111;2028;1252;1027;1125;773;708;3356;2706
1112;812;1949;3212;3505;2310;2434;609;2947;2951
1113;3394;3192;782;1774;2096;401;411;3169;2466
1114;3370;2552;1875;1919;2695;2397;1082;2254;2783
1115;2723;304;1693;546;554;2935;612;1520;222
1116;3082;902;2975;1752;2977;1235;2919;55;3626
1117;3151;2249;1416;1881;366;3630;910;97;3353
1118;1758;801;383;921;3334;2367;722;2465;2968
1119;1333;1403;2295;3480;1339;1754;3260;3152;1073
1120;1649;1513;1314;52;2773;919;2968;2629;616
1121;600;2579;2726;37;988;197;132;2373;3643
1122;1511;1379;1539;635;639;2315;2850;96;615
1123;207;1422;1378;646;612;3018;2729;2431;290
1124;2747;3058;752;2457;430;2472;2318;2501;2770
1125;258;2928;2037;383;1379;302;3078;2663;1221
1126;1113;1829;3655;614;2790;3536;1082;626;398
1127;51;1350;2193;3232;319;2285;2398;2488;195
1128;694;133;975;3630;2053;300;1423;3360;489
1129;1948;86;601;2727;674;2767;3588;1581;3288
1130;96;1707;3231;546;1061;1408;1448;585;713
1131;1387;1373;790;3386;915;1616;3424;2234;1286
1132;66;658;546;2724;1083;2619;3094;3358;668
1133;3364;1420;3687;1094;3151;1435;976;2492;647
1134;2310;2686;599;1769;78;1378;734;3638;2540
1135;1381;230;3194;3628;2383;2698;3169;224;683
1136;934;3104;517;2295;1405;771;2272;2561;661
1137;2327;980;1465;2747;296;798;950;2037;53
1138;913;1329;459;161;655;1335;2494;2285;2813
1139;1240;277;790;1549;645;1252;1811;3120;923
1140;3149;3411;2561;3688;2344;2009;793;2090;1722
1141;1466;2494;1701;1392;2986;1749;612;1333;999
1142;3657;572;1603;599;1979;103;149;2542;537
1143;1074;713;1388;648;1906;2030;590;1670;1699
1144;1441;206;2310;794;332;2492;3647;812;1401
1145;1348;1411;3078;3515;161;2153;3068;1325;3563
1146;258;2362;744;944;301;2405;879;916;66
1147;3625;2408;3533;1640;2067;2946;1633;1223;3389
1148;443;70;2972;1701;2946;1363;1489;1640;3282
1149;1649;809;2540;668;3519;923;1574;2906;2472
1150;2282;2474;2769;802;1761;2591;985;567;2431
1151;2488;730;134;1590;3327;694;3056;3151;3339
1152;2118;3641;132;2986;1610;74;1951;3334;237
1153;1041;801;2750;3109;2552;2176;976;3333;3260
1154;86;3343;1269;3068;1379;3078;3345;3414;2640
1155;3291;3530;33;1362;1670;1596;2474;616;865
1156;457;1690;3386;988;1828;1616;1318;2457;2474
1157;290;117;3290;1617;1559;473;1921;1627;2274
1158;1712;658;3599;1572;2024;1801;771;1393;1541
1159;2813;1543;1520;2233;1443;513;645;1321;147
1160;2730;3664;3536;365;638;1882;2190;3437;841
1161;919;1719;2488;1530;3180;1393;2659;2457
1162;901;907;1333;1891;643;1426;2426;1701;376
1163;2713;515;2037;3111;710;286;1099;1439;3151
1164;1861;67;119;2701;1762;366;3704;1387;1732
1165;493;283;771;2045;2030;2459;3017;2928;3353
1166;258;548;2069;2399;974;3291;162;2150;3605
1167;1252;1401;1366;937;2068;2248;801;1539;585
1168;931;2637;1947;177;612;1596;3057;1692;614
1169;3558;546;3508;699;3120;517;1047;2053;2507
1170;663;3490;2300;1229;1478;3594;3183;2870;3212
1171;71;133;1393;1828;1401;3647;2158;3607;1005
1172;380;2364;2389;3183;1668;734;3353;3647;2193
1173;3650;411;981;2385;2922;1452;877;2631;1548
1174;3125;2478;96;187;938;1393;3068;771;2344
1175;2572;2921;262;3093;629;2340;3301;2147;3016
1176;3364;1644;819;1064;879;1083;3184;713;2407
1177;81;1747;3019;291;918;626;2712;1616;2055
1178;2101;62;2396;3183;3223;702;3144;82;1396
1179;2462;2044;2492;1408;2904;734;2382;708;1947
1180;3365;3305;607;2101;2906;1731;31;2521;177
1181;798;604;2108;1083;1366;3402;907;2539;2679
1182;3019;1388;2723;3305;3655;3626;3149;2269;3122
1183;3540;2729;2579;2242;1267;686;2918;3630;440
1184;3143;1593;205;1648;648;1570;1311;2950;675
1185;1099;1391;82;96;354;2501;2946;1061;1252
1186;876;1066;1332;1403;512;1628;3270;2727;1339
1187;2310;2934;548;902;900;1749;3010;2034;722
1188;2116;3106;3617;686;2289;1868;1344;3480;2603
1189;517;793;313;1712;2670;2788;916;3649;2367
1190;2729;1549;456;2610;3436;2053;276;2504;2140
1191;2800;2295;222;3617;398;1221;187;2992;2717
1192;2166;3402;2474;1731;2274;2093;2234;53;2836
1193;2917;2610;879;2017;3403;1498;2462;3232;681
1194;902;439;2291;1616;2698;1332;3515;2783;1416
1195;3611;1173;1720;2790;2539;3502;3119;3363;1350
1196;3254;2706;590;1378;2728;1639;1906;3615;783
1197;1417;3338;2407;752;3327;923;1350;2704;1416
1198;2028;2422;1865;2714;2707;1919;903;3534;2064
1199;3186;1478;3321;1649;2312;618;657;2718;2581
1200;1220;3057;1670;1628;2055;2843;89;1949;1855
1201;3505;35;2396;3480;1369;95;2550;3574;896
1202;2713;3533;1064;1894;570;3077;1724;3163;96
1203;2724;2627;638;1693;2030;1628;3095;3364;2988
1204;2431;2053;3084;2473;974;3223;2134;1636;2414
1205;675;1499;808;1921;578;1383;1316;2053;517
1206;2951;3666;828;1347;1235;2055;780;907;718
1207;2579;629;731;3700;1434;106;1300;2762;2818
1208;3487;2071;3638;222;2679;2712;1267;556;2041
1209;604;3386;558;3604;3647;2752;323;3428;1268
1210;2902;3145;1666;258;3053;2364;2473;195;279
1211;1263;2998;106;2492;1636;2947;195;2577;2196
1212;2340;3324;605;2249;1572;2564;2698;2891;287
1213;3019;805;2034;598;749;798;315;2834;3231
1214;558;1252;2457;2285;716;63;1563;601;3218
1215;1656;720;914;3523;1712;2955;515;440;1590
1216;3097;1373;3124;589;2632;1811;557;920;134
1217;1427;2987;2382;1270;2480;2329;2443;1767;2683
1218
1219;545;2533;2273;1806;2576;1279;2458;1490;840
1220;2821;2881;2764;1167;1629;402;2832;924;3324
1221;108;1188;433;3243;1585;2702;861;1842;1365
1222
1223;2468;1235;1647;2902;2008;1499;2083;1314;3556
1224;603;3545;89;3003;547;2627;2770;430;612
1225;2581;2396;2540;1692;2140;37;2870;1921;1003
1226;2259;3095;1338;2060;3062;2568;1887;2809;2581
1227;3103;3084;3079;395;3471;3106;2068;169;2175
1228;3423;1611;3504;2721;2942;3207;2218;2191;271
1229;2215;2610;2653;969;2235;883;1245;1551;2525
1230;3349;3202;471;3534;1291;1666;2738;1447;2696
1231;3508;2767;1712;646;935;1044;1271;1471;790
1232;2142;1716;300;87;498;1498;646;603;3592
1233;2139;88;2321;1580;80;2589;2769;2773;3453
1234;40;272;3233;1153;3183;30;1366;1581;2505
1235;986;825;423;1189;2595;3142;3365;261;3046
1236;2828;449;3067;3706;1591;1526;517;1246;3242
1237;2453;544;614;2090;3176;287;2632;1255;3684
1238;729;2280;2946;1225;898;2802;556;2633;3372
1239;2240;294;190;967;1257;275;1468;3251;2415
1240;3607;2303;2138;3252;3015;2847;2051;2685;2653
1241;299;157;1061;2596;3599;1591;3581;2883;2934
1242;1082;2492;2934;1572;3109;1526;2310;2997;482
1243;1398;1123;1413;66;2517;664;3605;3626;3695
1244;2943;253;2863;2715;3064;900;3597;2342;1968
1245;578;3058;101;1435;722;3143;2131;935;3173
1246;3550;2486;1555;1229;3416;3638;923;1241;1613
1247;1521;1515;3402;1938;1064;1299;3561;387;3538
1248;879;3094;2533;1753;2208;1413;1993;3371;1714
1249;691;982;1899;1685;2830;2479;2158;3397;1034
1250;430;1329;1539;900;3706;1344;2166;449;334
1251;1661;2029;1948;512;1750;448;2373;756;1344
1252;1016;1928;2226;3042;272;1813;2900;1790;1254
1253;2965;556;2790;119;1453;2458;3311;206;1347
1254;2081;3248;151;598;3426;1680;2029;3403;235
1255;1530;765;2852;3028;105;2754;1375;271;1555
1256;589;227;33;3365;3473;2637;3577;3615;660
1257;3106;2567;2922;2925;2724;686;1373;638;1719
1258;2783;3514;48;1462;3320;3697;3479;131;2686
1259;3086;2996;1613;1408;2648;1999;3490;604;1685
1260;616;1396;3404;2606;3601;3250;3339;699;1426
1261;3550;1332;1644;1441;2971;795;236;2462;258
1262;2450;63;1412;1613;3587;3615;2813;1142;2055
1263;1746;2799;3443;2507;1762;715;1781;1098;1844
1264;117;3173;789;1167;777;2891;3490;3084;1104
1265;1661;1956;1240;2995;3236;408;3428;395;2777
1266;639;897;90;1297;1862;2305;2000;312;3512
1267;344;1092;3489;2671;69;3611;1833;1054;1491
1268;3649;2699;2769;3490;3704;3245;1506;902;3051
1269;1719;1762;1747;1190;1763;1958;1447;1888;2824
1270;3696;1324;1597;1319;2168;2764;2626;3271;293
1271;284;1971;1532;3198;983;3338;1745;2625;1028
1272;783;248;338;3396;1412;1330;3013;615;1921
1273;719;1526;124;1541;1754;376;3291;1722;237
1274;1636;3392;2367;2691;1753;62;2647;603;795
1275;320;1644;1674;1616;1311;302;876;195;3364
1276;711;2643;629;907;1408;585;795;2988;1078
1277;302;931;3391;286;2351;393;2196;3605;795
1278;716;901;879;1016;1668;2108;683;766;1220
1279;2000;645;2723;2716;1574;1948;3349;1150;1441
1280;398;1113;675;1661;2249;2477;3524;3333;1072
1281;2069;2501;64;2183;1142;3160;1888;675;1280
1282;2196;3687;53;3685;2672;293;1644;1543;327
1283;1412;3350;1906;958;3059;777;268;3241;957
1284;911;2428;1881;2093;1618;680;2574;1543;3564
1285;3499;2220;2008;778;1083;707;3179;2528;1
1286;1603;345;1456;3661;1652;2661;2255;446;3366
1287;2909;2678;234;207;162;2934;1933;2706;928
1288
1289;1625;184;2579;3260;3694;2569;2997;1976;1671
1290;1521;2837;3206;3591;178;2787;1622;2102;613
1291;3422;2570;439;1923;1757;2539;2901;795;834
1292;2665;1329;3529;275;2291;3161;3666;1499;104
1293;1396;162;2568;3212;3345;3515;2011;2382;1639
1294;191;673;2452;2373;1403;2249;1344;1597;707
1295;2924;658;616;2877;1071;1572;900;2564;2364
1296;834;2396;1263;513;1951;3300;793;124;749
1297;2928;1714;430;910;3641;1867;590;681;2260
1298;1674;1906;3429;1430;2579;3140;132;820;3305
1299;590;2753;3557;2048;1813;3690;485;3285;1142
1300;2631;1452;684;2602;947;2803;415;1855;2193
1301;209;2417;858;3271;2522;1258;1346;553;3392
1302;3640;2732;485;2293;440;2818;1669;1912;1308
1303;1478;814;592;520;1919;3656;197;3661;1640
1304;1636;465;1574;2124;223;1492;3538;2878;718
1305;3493;1528;1831;2240;3566;891;2238;2451;2625
1306;2939;3561;1430;789;1533;3629;3120;3197;3349
1307;896;3109;1639;938;89;555;2048;3687;2300
1308;2836;902;1082;2477;2301;2791;3401;3677;55
1309;3587;2667;1322;534;385;1427;824;1852;2303
1310;2301;3089;3649;2833;557;1430;482;2903;2022
1311;376;2413;2424;2221;1250;591;3114;2093;1329
1312;3590;1070;3270;1346;2469;761;2835;1892;2810
1313;1591;3523;3018;3334;2870;713;356;2972;1003
1314;971;515;610;2752;1598;2827;1545;2233;443
1315;1750;1753;3387;830;2465;2037;2783;2727;774
1316;1804;1494;1604;115;1894;2641;1304;2277;1599
1317;2759;65;309;1012;2592;1627;3453;209;438
1318;1165;3414;2862;746;2284;1778;2977;3412;1175
1319;2693;2220;182;2061;1338;3103;838;2640;395
1320;2752;3058;2572;3675;1444;1895;1047;2725;3403
1321;2304;2212;3547;3397;2078;2642;2842;1022;3283
1322;1405;2970;3306;422;906;1691;432;3317;3535
1323;2402;2574;1038;1069;1972;2191;1116;2298;754
1324;1228;1323;1558;3447;1606;2153;1568;2778;429
1325;2890;975;3574;2614;177;1944;3506;3638;1499
1326;1502;3177;1695;2500;1679;1195;620;377;1514
1327
1328;1976;2641;3344;791;3519;3018;2616;1530;273
1329;1465;979;3200;1451;952;2829;2285;2672;2907
1330;3545;1553;2067;1060;1348;1712;2847;662;1938
1331
1332;2251;3357;1274;1871;3702;3105;650;2521;2608
1333;2697;795;2491;3580;1409;2021;1912;1602;3419
1334;327;1142;1502;286;498;689;1670;2898;3058
1335;1750;86;2907;2669;3326;2029;2220;3540;2814
1336;3167;186;2767;1427;680;1597;2398;2094;122
1337;1491;601;2474;3647;3629;134;2248;2699;2153
1338;251;1129;832;1507;3310;3114;3205;702;3288
1339;3249;1156;1066;2572;1481;3697;48;3580;131
1340;2296;2669;2462;326;1346;3658;618;1685;2791
1341;3400;3343;2642;279;1691;564;1891;2247;2234
1342;79;3317;384;3486;2282;81;179;3262;562
1343;2788;2845;2270;1695;2009;83;1502;3561;2632
1344;1166;3698;2682;1888;251;30;3523;1534;1750
1345;3614;1302;2668;2486;1003;937;2121;3095;1034
1346;3483;2247;249;2919;3599;1321;1192;82;1011
1347;2933;1687;2471;3105;236;984;3335;3192;534
1348;1639;3039;273;3061;1660;2623;814;1717;941
1349;2341;2075;1850;603;2769;3580;3658;2108;2813
1350;2759;3275;605;92;905;1518;3644;2668;1485
1351;2648;1046;127;609;2731;2537;1976;2159;820
1352;2108;2114;212;602;3347;3264;301;2243;1113
1353;3202;2131;683;675;3363;2676;2972;1496;1478
1354;252;2469;2902;2656;1333;786;931;1417;316
1355;2150;1622;2362;2057;807;235;2102;2494;1921
1356;2053;796;286;886;1522;1643;2577;3140;400
1357;783;334;3604;1746;1373;3285;3019;1666;2494
1358;2423;935;297;615;2859;178;1644;84;2417
1359
1360;3050;3668;2526;1750;1387;2239;2646;1735;3320
1361;8;1680;3197;3062;2330;456;3619;2667;2913
1362;242;1932;599;753;1349;2295;1679;1015;3495
1363;3506;812;1801;3349;940;1687;1530;394;1943
1364;1885;317;3469;3523;222;3208;1986;3565;2777
1365;3142;600;2138;2580;2642;500;3039;2825;548
1366;516;1494;3202;1738;2008;1721;1187;2935;2570
1367;3405;1302;49;2637;2939;2791;1617;2005;1918
1368;2561;2383;2686;2196;238;92;43;766;2584
1369;1608;2917;3264;2783;2001;1758;3611;2623;1073
1370;2328;1807;1943;1796;2706;3455;2716;3016;2026
1371;239;2613;732;164;1378;3606;2314;3555;1549
1372;713;1558;2617;3561;1714;2667;1392;1420;1402
1373;1280;746;2397;1714;1944;2084;2155;1760;308
1374;1041;1999;1338;626;2612;3562;602;3360;3605
1375;1888;3284;315;402;1377;3436;3059;3705;1903
1376;2970;2695;3679;147;986;1909;1869;2909;1032
1377;2412;2442;3431;1210;3168;2589;1778;55;2467
1378;598;820;77;2014;1506;2281;2821;2448;3088
1379;1374;549;2873;1323;1546;411;1580;1917;2042
1380;1838;3160;2762;2872;2729;2865;2664;173;2251
1381;3210;3361;1195;1512;1912;422;3590;3075;1812
1382;3497;3328;417;165;3192;551;2238;1871;3209
1383;2343;2486;3576;807;646;2285;2973;2105;2322
1384;2947;589;1379;3402;83;1506;751;1233;2389
1385;1699;3388;3233;3347;1420;2699;1670;2068;3554
1386;485;2642;1084;1586;666;2713;214;1925;873
1387;1127;1865;241;3235;71;484;1232;2056;2802
1388;3248;3646;3683;629;248;2853;2725;1073;1301
1389;2341;1582;3116;858;872;360;397;3050;2669
1390;296;20;140;3663;128;27;2120;907;2476
1391;430;159;825;1357;2732;3543;3173;2982;389
1392;1369;1548;1614;1513;742;3296;3204;1025;2682
1393;254;2760;640;2102;771;1937;1519;2657;241
1394;2864;1406;2078;3562;1532;3561;269;945;1814
1395;3180;901;3013;3010;3363;3423;3077;1350;3233
1396;2569;2098;1714;2863;3394;885;714;3034;2198
1397;290;2647;2706;1535;3392;3157;1738;1976;2755
1398;1609;1756;1805;694;3346;2175;2125;144;2778
1399;3067;930;33;2481;2540;2465;2704;35;315
1400;1518;1034;3129;2024;2048;2464;1344;2000;1325
1401;3377;155;1900;627;2073;3691;1477;2629;1909
1402;1943;1189;1125;3625;1905;2266;19;3047;3522
1403;239;1180;1783;990;561;967;2793;2381;2636
1404;2390;1604;354;3222;2780;117;2730;139;2809
1405;401;1676;1140;2299;225;1304;929;2503;2464
1406;1856;2116;1659;2409;1995;2279;2678;492;161
1407;144;1519;2619;1077;3647;1410;794;1516;2678
1408;3512;3544;1343;1022;1205;2958;2008;3085;1955
1409;2867;2115;445;3441;2315;2102;2915;1273;491
1410;2335;1511;2822;1656;2168;2311;19;3472;508
1411;2088;378;1204;107;1274;60;191;1485;1646
1412;2975;2598;1164;3079;1781;3401;75;2515;3671
1413;2675;2899;458;3691;2366;528;2933;113;2275
1414;3528;2917;1364;3326;2067;1519;2389;208;661
1415;1668;847;3625;1321;1876;1061;1332;474;2528
1416;1185;3321;3187;1260;2456;3512;3474;292;1194
1417;1917;2345;3245;3524;2124;744;1615;913;3323
1418;3202;3173;794;3614;2389;2243;3265;568;1088
1419;3116;2726;2617;94;1499;3325;207;2406;2436
1420;1389;1321;1021;1773;472;3474;2980;3016;3690
1421;1401;398;865;1724;1386;3277;731;173;3120
1422;3161;3575;2226;2386;315;2802;3006;196;2863
1423;3139;2003;3428;2760;988;1853;3197;1720;3661
1424;2549;1684;3272;128;3339;2440;1186;2111;3045
1425
1426;331;2152;1872;1891;1202;1651;2354;3501;3700
1427;2291;2550;3640;163;942;1426;2941;1355;3129
1428;665;3380;2931;2226;1797;2252;2450;29;283
1429;2477;794;1591;3345;2686;2462;2630;1608;3575
1430;311;276;1537;742;1714;1398;1791;3548;1076
1431;265;2802;3154;457;1875;1863;1913;1880;1064
1432
1433;2753;3540;46;698;3432;578;1401;121;3666
1434;2174;703;425;1556;1151;2213;3623;1346;1168
1435;1706;2738;1070;1875;337;105;1211;2054;1561
1436;3173;2367;2134;2426;1856;762;471;2053;559
1437;1046;173;531;27;1719;2241;2159;1731;3018
1438;1362;3059;1904;3273;2464;334;3003;1795;2095
1439;1610;3355;1781;536;2463;1025;1274;3582;1798
1440;2383;3561;682;564;616;1921;2301;1338;1535
1441;210;3448;2546;444;224;2139;2334;3442;420
1442;1332;1869;910;1698;2450;3638;2373;187;1330
1443;2329;1145;3405;200;468;3185;3422;3449;1798
1444;2636;1668;3237;1643;2447;2019;3649;2060;3365
1445;2191;1735;213;1390;1684;2528;3256;2988;20
1446;626;1041;1435;2772;237;1003;1539;2024;668
1447;3488;1196;1081;3541;900;18;2171;2321;2008
1448;2000;104;1157;1059;685;1958;3016;152;3679
1449
1450;2770;1057;931;920;2274;1003;771;3290;1381
1451;1031;913;2693;691;2917;3005;615;2521;2494
1452;3343;2281;2941;1001;3544;2144;2913;1740;289
1453;2577;2257;167;1177;343;1550;356;727;754
1454;3250;268;83;49;2724;674;393;3622;820
1455;542;236;2183;2210;828;3100;2379;2169;395
1456;3502;2458;729;1872;403;2547;1386;812;3338
1457;766;1300;587;1686;2431;620;1402;3514;378
1458;3505;717;1525;1687;1652;1988;112;58;570
1459;920;3183;2632;643;3059;2205;1390;49;1533
1460;3595;730;3487;190;3056;923;235;2511;1252
1461;1335;2855;1232;3508;3438;1593;493;70;819
1462;2606;1906;3684;11;1860;207;1101;2193;450
1463;408;3644;2445;3575;680;759;1960;2755;1690
1464;3392;2613;2009;3453;612;3291;661;3067;1435
1465;113;418;1837;3279;2861;765;724;2892;1051
1466;19;1001;2736;3048;1319;468;131;970;277
1467;15;1521;1411;3678;3429;2787;2474;124;607
1468;2398;2425;2787;601;3281;2446;512;685;3662
1469;3385;1740;402;3084;478;3113;2691;1875;2720
1470;3094;3333;1578;1047;2791;3150;1899;192;2157
1471;3094;3214;139;331;2181;1048;1368;1901;2706
1472;2892;676;3348;642;681;1873;1220;8;857
1473;3470;1472;2581;1219;1271;689;3097;3473;2935
1474;1946;238;415;2270;1604;452;1831;2146;1030
1475;535;1412;930;382;904;2437;1532;497;796
1476;3542;902;1462;2901;1589;1368;3377;497;3172
1477;904;632;2090;463;3666;2694;3004;942;686
1478;2694;3421;2563;2007;1057;3473;2640;2075;2088
1479;556;824;3010;2114;3231;144;287;619;3112
1480;3408;1746;686;668;869;3262;3479;82;592
1481;681;463;3514;1379;2857;3639;2667;682;1427
1482;2734;150;590;2366;1310;3108;3262;2083;3498
1483;2617;1867;3085;613;30;2550;3068;2726;2382
1484;606;293;3701;385;944;2852;1548;1752;327
1485;1285;3416;2155;1984;1628;2047;2940;1723;3405
1486;2996;735;1502;3063;55;184;645;3172;3218
1487;2641;3212;2170;3191;2383;1867;3380;106;988
1488;1435;578;716;2694;2690;1057;1302;2767;3438
1489;2732;302;1531;1502;1239;3668;3271;1378;685
1490;754;2715;223;48;1821;2354;3284;3058;969
1491;763;1234;3681;595;649;3694;305;3174;3641
1492;2548;914;2994;2623;2360;3619;3260;3566;1801
1493;1068;37;1613;82;2048;2349;3606;1228;66
1494;2320;3625;1146;1639;1127;598;2177;2921;796
1495;1485;616;2170;3348;788;655;2946;1535;3183
1496;411;3696;3526;2781;2477;1362;1302;55;3245
1497
1498;2898;3184;2474;1724;96;2209;3402;2797;1129
1499;174;316;1356;2232;3468;3403;1089;2559;1402
1500;3602;1232;2697;1895;2023;3326;3340;141;722
1501;1627;1230;2798;3486;74;2812;2090;3635;1670
1502;2405;1509;98;2676;413;1260;958;2611;2470
1503;2564;3417;1044;3260;1722;2302;3418;106;1001
1504;1955;3487;3455;2137;150;2258;3705;2350;1807
1505;3233;3646;1016;2788;1978;2562;795;2617;2053
1506;3559;2206;2748;1254;706;1477;1597;1054;1844
1507;718;2877;1563;3401;1241;70;3146;304;2861
1508;3601;3677;2113;1305;665;3425;2596;904;1443
1509;2783;3401;3374;1978;976;2038;2494;1082;2564
1510;629;682;2411;1064;3302;510;2987;2732;1519
1511;1895;2857;2905;778;1254;37;2966;86;861
1512;2914;753;2803;2462;3259;2017;2922;3404;1628
1513;1881;3422;1877;1695;1688;2135;153;786;434
1514;49;837;2305;3689;3561;1584;1919;3617;2385
1515;70;3175;216;1703;1193;244;2161;717;2992
1516;738;1140;2693;1542;2344;2732;2329;1368;1479
1517;560;2477;2462;3496;1617;3182;2787;3606;655
1518;3510;3602;1533;2672;142;177;788;1333;1521
1519;139;1397;914;1015;2825;3661;128;546;876
1520;1965;2064;3173;59;791;1042;3270;124;225
1521;2954;3610;654;1461;941;2970;957;3005;1139
1522;2732;2450;616;1350;13;2253;1851;2092;2474
1523;2413;1821;2982;1006;3296;274;3268;1716;3504
1524;923;2429;2408;2529;1335;3392;645;2055;2621
1525;3279;960;557;45;1536;2226;1049;556;476
1526;1717;2346;597;357;1361;3653;2583;2833;3085
1527;3493;3554;1073;541;643;2396;1226;2754;2946
1528;3246;3306;2570;3100;2311;2408;216;1733;151
1529;1543;406;1431;1520;1893;232;3563;664;1809
1530;2675;79;1910;3024;506;2064;1485;1386;3002
1531;3414;2848;73;2107;942;3284;2003;2462;3176
1532;2226;968;2005;2101;986;313;2053;2269;2515
1533;1960;692;3355;1301;413;2103;510;1724;2089
1534;648;1609;1869;1592;1444;3474;2547;1532;1361
1535;1693;2511;1098;2120;454;1250;1455;2487;1678
1536;431;1396;1618;154;1402;3067;1434;615;2126
1537;1325;2474;3078;1995;3694;1244;3019;762;3382
1538;380;820;3425;558;382;3561;1332;3339;3408
1539;662;2116;1979;2500;227;2927;2928;1981;3505
1540;3373;619;2349;2842;2039;3299;2500;1712;3003
1541;1717;2000;2426;490;2676;3677;2090;382;3277
1542;1701;3472;3688;3548;937;1972;3453;456;592
1543;1166;2280;1247;510;2697;85;2766;2322;227
1544;1232;1506;3534;1864;702;2382;1378;1947;762
1545;3628;2728;2434;913;2533;1426;2975;2197;2769
1546;2140;3533;1094;1521;3548;614;1670;1707;1031
1547;1252;2038;3334;2802;2465;961;3437;2864;2176
1548;434;1990;1468;1244;2352;2124;2438;3165;2975
1549;222;1988;2011;3618;1921;504;1357;2237;315
1550;1406;3669;3474;2973;2676;3606;3562;2948;3414
1551;3396;3476;3124;2670;3149;1312;2068;2894;2764
1552;1386;1319;1341;74;136;3095;888;2721;3151
1553;3669;1321;105;233;2667;1036;814;3505;2393
1554;751;1608;1724;3508;235;1078;3396;2788;450
1555;61;148;1768;2186;2218;328;1173;2948;2348
1556;2644;723;2166;740;3258;953;1465;789;82
1557;1323;2382;1752;239;3300;2329;1371;354;902
1558;3141;3706;2947;2713;3263;3361;3173;1648;1595
1559;3614;2637;3246;747;177;1077;2045;2961;986
1560;2544;2819;1150;1504;1747;2627;819;244;1620
1561;3423;1617;106;2550;1591;196;1402;2869;794
