1;4.14346
2;3.19213
3;3.03386
4;2.72258
5;2.98519
6;3.88706
7;3.44282
8;3.03226
9;2.69565
10;3.54345
11;3.7983
12;2.36667
13;3.34118
14;3.54167
15;2.50388
16;3.79365
17;4.04038
18;3.29167
19;2.48451
20;2.55479
21;3.63742
22;3.34203
23;2.83784
24;3.17291
25;3.67186
26;3.51111
27;2.91379
28;4.0184
29;4.07143
30;3.65714
31;3.14062
32;3.94642
33;3.0
34;3.89099
35;3.34921
36;3.9689
37;3.5
38;2.76923
39;3.63446
40;3.92857
41;3.94495
42;2.88038
43;3.39865
44;2.78873
45;3.40241
46;3.11392
47;4.10174
48;2.97076
49;3.79167
50;4.515
51;3.6175
52;4.75
53;2.58333
54;3.06667
55;1.75
56;3.39326
57;4.08259
58;2.75
59;3.21384
60;3.05172
61;3.70204
62;2.86869
63;2.25676
64;2.07407
65;1.67089
66;3.25
67;3.4386
68;3.67918
69;3.14646
70;2.12644
71;3.72152
72;3.84541
73;2.95495
74;1.91667
75;2.81529
76;3.70968
77;3.22727
78;2.61165
79;3.86957
80;3.14194
81;3.91566
82;3.64516
83;3.2
84;3.41011
85;3.39189
86;2.10606
87;2.97661
88;3.05687
89;4.0
90;2.32941
91;2.25301
92;3.74096
93;2.86482
94;3.83333
95;3.66667
96;2.0
97;3.4186
98;3.05785
99;3.88546
100;1.85455
101;3.22581
102;3.52903
103;3.21701
104;3.58333
105;3.16522
106;2.85714
107;4.23803
108;4.1779
109;3.44078
110;3.02
111;3.22222
112;4.12821
113;3.65333
114;3.07692
115;2.46154
116;2.66667
117;4.02857
118;2.77273
119;3.875
120;3.21429
121;3.86022
122;1.98889
123;1.0
124;4.27273
125;3.18182
126;4.0
127;3.07143
128;2.48837
129;1.0
130;4.0
131;2.85246
132;3.57143
133;3.0
134;2.5
135;4.0
136;3.14173
137;3.54575
138;1.0
139;3.38155
140;3.28829
141;2.76471
142;3.54658
143;2.9
144;3.84615
145;4.07001
146;3.56102
147;2.98485
148;2.64548
149;3.72368
150;3.41772
151;3.5614
152;2.69006
153;3.0
154;3.25253
155;2.24125
156;3.7219
157;4.08126
158;3.44694
159;3.57391
160;3.57718
161;2.46429
162;3.6
163;2.97859
164;1.9901
165;3.10959
166;3.55294
167;2.59145
168;2.32094
169;2.2973
170;3.45455
171;3.95745
172;2.75397
173;3.5
174;2.25
175;3.55663
176;1.6375
177;3.125
178;3.5
179;3.29167
180;2.88588
181;2.71354
182;3.28889
183;3.19394
184;3.4
185;3.75862
186;2.47887
187;3.0
188;2.06599
189;3.76471
190;2.82468
191;2.83673
192;3.0625
193;3.31016
194;3.83486
195;2.41667
196;2.58065
197;2.37037
198;3.07487
199;2.92308
200;3.59036
201;3.65333
202;3.1701
203;2.61158
204;2.47826
205;3.08108
206;3.6
207;1.92857
208;4.02752
209;4.32
210;3.78621
211;3.19692
212;2.62295
213;3.13372
214;3.17647
215;1.76
216;3.55333
217;3.95775
218;3.38068
219;3.17447
220;2.0
221;2.64103
222;1.8
223;3.52475
224;3.4441
225;3.20066
226;4.07937
227;3.5787
228;2.22727
229;3.70048
230;3.32759
231;2.92827
232;2.76667
233;2.9396
234;2.63889
235;3.28
236;3.53947
237;2.1
238;1.9
239;2.88889
240;4.18333
241;3.8588
242;2.89683
243;3.74274
244;2.57143
245;3.23529
246;3.28228
247;3.52679
248;3.12121
249;2.11667
250;2.67005
251;3.25
252;2.42222
253;2.88043
254;4.45791
255;3.68379
256;3.89441
257;4.04
258;3.0
259;3.92525
260;3.40426
261;2.78226
262;3.36735
263;3.5098
264;2.98667
265;3.13793
266;3.70085
267;2.87097
268;2.375
269;2.48649
270;2.70673
271;3.17532
272;2.78378
273;3.73171
274;3.5625
275;3.62319
276;3.22632
277;3.0
278;3.0
279;2.85
280;3.11008
281;3.34667
282;3.91333
283;2.21739
284;3.28182
285;4.10533
286;3.10811
287;2.64
288;4.27515
289;3.04
290;3.95455
291;3.67176
292;3.75549
293;3.30769
294;3.8
295;2.95538
296;3.09677
297;2.47059
298;4.2013
299;4.11161
300;3.96196
301;3.69767
302;3.0
303;3.0
304;2.43396
305;2.92
306;3.8694
307;2.66434
308;3.49033
309;3.17376
310;4.55632
311;3.8996
312;3.33333
313;3.71429
314;3.6911
315;3.96667
316;2.45652
317;4.30769
318;2.64174
319;3.09449
320;3.3653
321;2.74627
322;3.05263
323;2.55034
324;3.5133
325;3.88073
326;3.52632
327;2.82353
328;3.82742
329;2.89109
330;3.51129
331;3.25333
332;3.89655
333;3.67901
334;2.41463
335;3.16403
336;3.80941
337;3.48598
338;3.19048
339;3.7
340;3.73975
341;3.37901
342;3.34199
343;3.10377
344;3.43452
345;3.19048
346;2.36735
347;4.08862
348;3.73374
349;3.1938
350;3.17647
351;2.47863
352;3.4065
353;3.36364
354;4.25
355;3.85968
356;3.09231
357;2.78448
358;3.2934
359;3.51719
360;3.29412
361;2.9086
362;3.16837
363;3.16104
364;3.83621
365;2.09756
366;3.26667
367;3.26562
368;3.55861
369;2.93701
370;2.89141
371;3.63788
372;3.20635
373;2.95142
374;3.26721
375;2.81579
376;3.14286
377;2.58621
378;2.74227
379;3.65556
380;3.76471
381;3.52727
382;3.28947
383;2.8
384;1.83871
385;3.70588
386;4.0
387;2.41667
388;4.0
389;3.0
390;3.0
391;3.75
392;2.1547
393;3.57143
394;2.90556
395;3.33824
396;3.0
397;2.9061
398;2.45455
399;3.59696
400;2.54667
401;2.61728
402;2.52795
403;2.44444
404;3.45503
405;2.48148
406;2.18493
407;2.49527
408;3.32584
409;3.07692
410;3.10938
411;2.5625
412;3.6087
413;3.08299
414;2.36735
415;3.95359
416;2.39655
417;2.35
418;3.7003
419;2.53061
420;2.73333
421;3.09969
422;2.6281
423;2.70866
424;2.03509
425;2.61871
426;4.5
427;3.81185
428;3.6936
429;2.97265
430;3.36
431;2.30556
432;2.6129
433;4.09914
434;2.46667
435;3.58738
436;3.63636
437;3.30583
438;3.17021
439;3.27027
440;3.22581
441;3.53649
442;2.61961
443;4.0
444;4.10799
445;3.2625
446;2.76154
447;2.30303
448;3.33766
449;2.6
450;2.8
451;2.75132
452;3.29592
453;2.81836
454;3.14286
455;3.25705
456;3.01587
457;1.75758
458;3.63686
459;2.60526
460;2.21831
461;3.82874
462;3.92632
463;2.75
464;3.47802
465;2.42857
466;2.78862
467;3.7679
468;3.39405
469;3.54658
470;3.73913
471;2.65517
472;2.52262
473;2.83051
474;2.56604
475;3.51515
476;2.50562
477;3.29091
478;3.31746
479;3.71935
480;3.59387
481;3.34286
482;3.36111
483;3.21875
484;3.98858
485;2.69048
486;2.78723
487;3.41591
488;3.66279
489;1.97872
490;3.83333
491;2.94012
492;2.47619
493;3.44
494;3.50523
495;3.87819
496;3.67138
497;2.375
498;3.06569
499;2.87059
500;3.11667
501;3.51935
502;3.93128
503;2.88288
504;3.17664
505;2.47183
506;1.92778
507;2.92711
508;3.36697
509;3.51948
510;3.6381
511;3.62929
512;3.10526
513;2.5
514;4.50763
515;2.59677
516;3.99395
517;3.5
518;3.76527
519;3.06593
520;2.73797
521;3.83142
522;3.79924
523;3.24
524;3.09474
525;3.82292
526;3.75987
527;2.24074
528;4.27695
529;2.64804
530;3.40096
531;2.62185
532;3.58131
533;1.8959
534;2.85088
535;2.51969
536;3.85816
537;3.0061
538;3.72354
539;3.24435
540;3.86879
541;2.70833
542;3.94482
543;4.25203
544;4.5
545;2.66935
546;2.5
547;3.57143
548;3.61538
549;3.81193
550;3.23529
551;2.2
552;3.13208
553;2.92308
554;3.57143
555;4.0
556;2.9011
557;3.26316
558;3.58824
559;3.0
560;3.5
561;3.43226
562;2.83505
563;3.0
564;2.98039
565;5.0
566;2.0
567;3.22807
568;4.0303
569;3.0
570;3.80769
571;4.0
572;2.89323
573;3.1376
574;3.50439
575;3.76623
576;4.05711
577;3.91931
578;2.0
579;3.6059
580;4.34712
581;3.8404
582;3.8741
583;3.74444
584;3.63295
585;4.14286
586;4.05858
587;3.0
588;3.0
589;4.10526
590;3.01887
591;3.27751
592;2.24096
593;1.0
594;4.25463
595;2.81967
596;3.54301
597;2.51295
598;2.43056
599;3.61333
600;2.71429
601;4.11667
602;3.34884
603;3.64286
604;2.28571
605;2.58065
606;3.75
607;2.5
608;4.0
609;2.4375
610;3.58036
611;3.88915
612;3.4
613;2.01538
614;4.08333
615;3.61111
616;1.66667
617;3.57971
618;2.51908
619;3.17647
620;2.59722
621;2.65672
622;1.0
623;2.0
624;2.0
625;2.0
626;3.63158
627;3.54327
628;3.42416
629;4.18182
630;3.47561
631;2.0
632;2.88889
633;3.21492
634;1.0
635;2.59459
636;3.0
637;3.58131
638;3.70833
639;1.5
640;3.46138
641;2.99074
642;3.39831
643;3.0
644;3.64516
645;3.33333
646;2.09091
647;4.375
648;4.13636
649;4.375
650;3.67548
651;2.0
652;2.634
653;3.02849
654;4.23656
655;3.5
656;3.34483
657;3.93333
658;3.0
659;1.0
660;3.32
661;3.0
662;2.27723
663;2.0
664;3.09091
665;2.13402
666;2.625
667;3.21488
668;3.25
669;2.55128
670;2.0
671;3.33333
672;3.58131
673;3.61538
674;1.75
675;2.275
676;3.83871
677;2.5
678;3.07968
679;3.43178
680;3.06107
681;2.41304
682;2.51724
683;3.5
684;3.84848
685;3.60784
686;2.625
687;4.0
688;3.44828
689;2.87037
690;4.41422
691;3.76
692;3.06775
693;2.80488
694;3.0
695;3.76963
696;3.66667
697;1.0
698;2.81395
699;2.6
700;3.72182
701;3.0
702;3.36559
703;3.157
704;2.04348
705;4.08503
706;2.43226
707;2.64211
708;2.0
709;4.51858
710;4.0
711;1.9434
712;3.17073
713;2.75
714;4.44644
715;3.66667
716;3.12903
717;2.83333
718;3.77778
719;3.0
720;3.75
721;4.0
722;4.10909
723;3.5
724;2.81818
725;2.17949
726;3.0
727;3.24286
728;2.59236
729;3.56522
730;3.20833
731;3.45455
732;3.64286
733;4.0
734;3.22222
735;2.0
736;3.97947
737;2.73469
738;3.50858
739;3.37755
740;2.57576
741;3.22881
742;2.71023
743;3.47414
744;3.1244
745;5.0
746;3.02074
747;3.0
748;3.0
749;3.5
750;4.0
751;2.6
752;3.33333
753;2.70833
754;3.34323
755;4.08113
756;3.07692
757;3.48843
758;3.68519
759;2.96262
760;3.6118
761;3.15789
762;3.07692
763;3.425
764;2.56383
765;1.46903
766;3.88889
767;2.5814
768;3.0
769;1.6
770;2.55682
771;3.25
772;2.0
773;3.25
774;3.84
775;1.0
776;3.0
777;2.85417
778;2.2459
779;2.94604
780;3.85
781;3.47758
782;2.19718
783;2.0
784;3.07447
785;2.65044
786;3.50769
787;3.87582
788;2.225
789;2.56
790;3.33333
791;2.58865
792;1.0
793;3.57143
794;3.6875
795;1.85714
796;3.44521
797;2.50759
798;3.61538
799;3.5
800;3.20036
801;4.0
802;3.625
803;4.52386
804;2.0
805;3.6
806;3.53061
807;3.72414
808;3.5
809;3.63636
810;2.0
811;3.80077
812;2.17391
813;3.0
814;3.09524
815;2.17391
816;3.0
817;3.125
818;3.36842
819;2.94118
820;3.25
821;3.58131
822;2.82326
823;2.19529
824;2.67143
825;2.69231
826;3.0
827;2.57895
828;2.91
829;2.5
830;2.15909
831;2.5
832;2.33333
833;3.83333
834;3.625
835;1.0
836;3.58696
837;3.82353
838;4.31955
839;4.30073
840;3.84641
841;3.67081
842;3.91465
843;4.27932
844;4.46915
845;4.29738
846;4.09467
847;3.88542
848;4.38218
849;4.1114
850;4.29045
851;4.17314
852;4.41301
853;4.39117
854;4.1513
855;3.95706
856;4.20551
857;3.70667
858;3.77976
859;4.25271
860;3.99906
861;3.90809
862;4.49531
863;4.39664
864;4.07286
865;3.25
866;4.25337
867;3.98718
868;4.2017
869;3.7381
870;4.29829
871;3.89691
872;3.9661
873;4.08816
874;3.64621
875;3.62121
876;4.09402
877;3.66667
878;3.625
879;3.1
880;3.97977
881;3.70526
882;4.21269
883;3.99379
884;3.78723
885;4.13913
886;3.85135
887;4.12
888;3.79032
889;3.99497
890;4.21805
891;4.23691
892;3.648
893;4.30988
894;4.24079
895;4.17585
896;3.54286
897;3.27273
898;3.33333
899;3.81481
900;3.42105
901;3.5
902;3.54545
903;3.56522
904;3.36957
905;4.06167
906;4.0
907;3.31579
908;3.66006
909;4.25628
910;3.41176
911;4.05882
912;3.16667
913;3.94737
914;3.66667
915;1.5
916;3.57692
917;2.0
918;4.0
919;2.8
920;3.33333
921;3.6338
922;2.62069
923;3.66667
924;3.60185
925;2.86842
926;3.36508
927;5.0
928;2.52941
929;3.54545
930;2.64706
931;3.11111
932;4.09
933;2.91739
934;3.46154
935;2.975
936;3.28958
937;3.23529
938;4.25
939;2.97273
940;2.68041
941;2.36842
942;3.04762
943;2.98131
944;3.31868
945;3.21673
946;3.25463
947;2.72581
948;3.70849
949;3.57333
950;3.44531
951;3.37441
952;3.20833
953;3.55952
954;3.21429
955;3.70019
956;3.23757
957;2.76087
958;3.76209
959;3.985
960;3.25664
961;3.58491
962;4.0
963;3.17208
964;3.91558
965;3.69863
966;3.04407
967;3.46735
968;3.70186
969;3.45833
970;3.66892
971;3.93593
972;4.12942
973;2.66784
974;3.27273
975;3.66667
976;3.25
977;4.03233
978;3.48454
979;2.84211
980;3.3125
981;4.07895
982;3.49105
983;3.34739
984;3.82576
985;3.38636
986;2.80645
987;3.3662
988;2.77778
989;3.56522
990;3.58065
991;3.27273
992;3.44444
993;3.94028
994;3.55652
995;2.5
996;3.17391
997;2.92105
998;4.16463
999;3.75
1000;3.64706
1001;3.94949
1002;3.0
1003;3.4
1004;3.86216
1005;4.0
1006;3.96884
1007;3.83186
1008;3.9668
1009;4.02533
1010;3.61713
1011;3.71429
1012;3.5274
1013;4.09904
1014;3.79675
1015;4.05966
1016;3.41176
1017;3.32
1018;4.12456
1019;4.08198
1020;2.80178
1021;3.53587
1022;3.40128
1023;3.7305
1024;3.87968
1025;3.97476
1026;3.95424
1027;2.4
1028;3.99425
1029;2.7892
1030;3.70626
1031;2.0
1032;3.91711
1033;4.22348
1034;1.79487
1035;3.0
1036;4.07143
1037;3.42424
1038;2.93617
1039;2.96552
1040;1.0
1041;3.28571
1042;4.25
1043;2.0
1044;3.33333
1045;3.57463
1046;3.25
1047;3.9
1048;3.75397
1049;3.77654
1050;2.38488
1051;3.68577
1052;2.92593
1053;3.46608
1054;3.25359
1055;4.34896
1056;4.27638
1057;2.0
1058;3.0
1059;3.19211
1060;4.33056
1061;3.85714
1062;4.0
1063;1.0
1064;3.73333
1065;2.0
1066;4.31687
1067;4.51114
1068;3.5
1069;3.90141
1070;3.46667
1071;3.44444
1072;3.61538
1073;3.64286
1074;2.16667
1075;3.96512
1076;3.91111
1077;2.94737
1078;3.6
1079;3.58131
1080;2.83721
1081;2.1875
1082;3.74286
1083;1.6875
1084;3.75131
1085;4.30249
1086;3.30857
1087;3.8
1088;3.99074
1089;3.96491
1090;4.01471
1091;4.45972
1092;3.78921
1093;3.95349
1094;2.75
1095;3.6048
1096;3.80769
1097;3.94815
1098;3.60861
1099;3.68889
1100;3.94754
1101;4.24896
1102;3.53448
1103;3.07254
1104;4.01961
1105;4.38941
1106;3.45596
1107;4.30099
1108;4.30195
1109;4.47548
1110;4.09622
1111;4.12932
1112;4.13255
1113;3.58824
1114;4.27758
1115;4.39841
1116;3.30542
1117;4.07557
1118;4.42755
1119;4.25117
1120;4.02484
1121;4.02254
1122;4.10138
1123;4.4589
1124;4.2649
1125;4.16867
1126;3.81062
1127;3.64103
1128;4.24845
1129;4.21198
1130;4.22493
1131;3.93964
1132;4.35724
1133;4.11765
1134;4.3528
1135;4.28645
1136;4.23357
1137;4.07389
1138;3.85915
1139;4.18109
1140;4.15291
1141;4.06861
1142;3.5625
1143;4.29706
1144;4.3148
1145;4.15552
1146;4.18824
1147;4.22814
1148;4.01254
1149;4.15286
1150;3.40625
1151;4.19472
1152;3.97251
1153;4.06991
1154;3.96308
1155;4.02041
1156;4.24803
1157;4.21145
1158;4.0
1159;4.37991
1160;4.09135
1161;4.33022
1162;4.1384
1163;4.28329
1164;3.42857
1165;4.20221
1166;3.93458
1167;4.11122
1168;4.0958
1169;4.31142
1170;3.83104
1171;4.37915
1172;4.11283
1173;4.06303
1174;3.94796
1175;4.10033
1176;4.3237
1177;3.4965
1178;4.18065
1179;3.99744
1180;3.81296
1181;4.2585
1182;3.99225
1183;3.91379
1184;3.84673
1185;4.25704
1186;3.89728
1187;4.25092
1188;3.76744
1189;4.16535
1190;4.03535
1191;3.92047
1192;4.17956
1193;4.33266
1194;3.8144
1195;3.56031
1196;4.1042
1197;4.18022
1198;3.97006
1199;3.5625
1200;4.13879
1201;3.99818
1202;4.13754
1203;4.12052
1204;3.55102
1205;3.99612
1206;3.72658
1207;3.62609
1208;4.26284
1209;4.12628
1210;4.0
1211;3.9175
1212;4.11847
1213;4.21423
1214;3.78378
1215;3.61789
1216;4.07654
1217;3.66667
1218;1.0
1219;3.25926
1220;2.15385
1221;2.5
1222;4.0
1223;3.16667
1224;3.04405
1225;3.738
1226;1.65517
1227;1.41667
1228;1.61905
1229;1.68182
1230;2.09804
1231;2.93353
1232;1.84
1233;2.64706
1234;2.97248
1235;3.22222
1236;2.94845
1237;3.88507
1238;3.15309
1239;1.71429
1240;2.25
1241;3.55738
1242;3.36278
1243;3.96447
1244;2.91667
1245;2.92887
1246;3.67863
1247;3.90634
1248;3.61896
1249;3.23077
1250;3.49015
1251;4.00985
1252;2.72727
1253;3.60976
1254;3.41935
1255;2.81395
1256;3.05233
1257;3.83966
1258;3.02857
1259;3.71151
1260;3.8055
1261;4.20783
1262;2.47059
1263;3.5
1264;4.19444
1265;4.05376
1266;2.97196
1267;3.5
1268;3.86275
1269;3.22449
1270;3.05689
1271;3.8
1272;3.55263
1273;3.1308
1274;3.42388
1275;2.74503
1276;3.866
1277;3.35287
1278;3.6583
1279;2.96986
1280;3.41339
1281;2.92378
1282;3.56493
1283;1.95985
1284;2.80909
1285;1.66667
1286;4.0
1287;3.25182
1288;1.0
1289;4.09399
1290;2.57186
1291;1.84492
1292;3.21429
1293;2.89794
1294;3.73196
1295;3.7494
1296;4.00455
1297;3.30855
1298;3.73453
1299;3.7
1300;3.21053
1301;3.22917
1302;3.47973
1303;3.15278
1304;3.05981
1305;3.66667
1306;3.57449
1307;3.82599
1308;3.04444
1309;2.84524
1310;3.95614
1311;3.9
1312;3.41667
1313;3.64052
1314;3.73333
1315;3.22835
1316;2.75
1317;3.96825
1318;3.83333
1319;3.05
1320;3.0239
1321;4.33333
1322;3.27152
1323;2.3
1324;2.23913
1325;3.27083
1326;3.31734
1327;1.0
1328;2.54327
1329;2.8
1330;1.8
1331;4.0
1332;2.875
1333;3.05
1334;2.82392
1335;2.31818
1336;2.75342
1337;3.44595
1338;3.08621
1339;3.42857
1340;2.18881
1341;4.06215
1342;3.3913
1343;4.15202
1344;3.76923
1345;2.41429
1346;3.21429
1347;2.80952
1348;2.35088
1349;3.09917
1350;2.7619
1351;3.35435
1352;2.62791
1353;2.56477
1354;3.0
1355;3.31538
1356;3.49558
1357;3.79421
1358;2.52419
1359;4.0
1360;3.4
1361;3.26667
1362;2.81081
1363;2.34043
1364;3.07042
1365;3.50446
1366;3.33333
1367;3.21499
1368;3.27984
1369;3.31667
1370;2.67717
1371;3.69565
1372;3.4951
1373;2.83333
1374;3.01361
1375;2.88417
1376;2.64706
1377;1.8
1378;3.6
1379;2.41176
1380;1.31429
1381;3.2381
1382;2.16279
1383;3.07759
1384;2.23056
1385;3.80607
1386;2.5625
1387;3.07692
1388;2.30952
1389;3.57143
1390;3.37143
1391;3.30303
1392;3.65
1393;2.5
1394;3.6087
1395;3.03746
1396;2.71429
1397;2.54938
1398;3.65306
1399;3.71705
1400;3.42038
1401;3.4
1402;2.42857
1403;2.42857
1404;2.61818
1405;2.07317
1406;2.425
1407;3.63744
1408;2.0
1409;3.23333
1410;3.7
1411;2.5
1412;3.90909
1413;4.5
1414;3.50505
1415;4.12853
1416;1.5
1417;2.6
1418;3.07075
1419;3.57416
1420;3.28571
1421;3.04274
1422;4.04615
1423;3.88889
1424;3.27273
1425;3.0
1426;2.72222
1427;2.74627
1428;2.94118
1429;3.25204
1430;2.75
1431;3.44961
1432;4.0
1433;1.86982
1434;1.5
1435;3.25
1436;2.26
1437;3.45455
1438;3.6875
1439;3.0
1440;3.29187
1441;3.44444
1442;3.40731
1443;3.42105
1444;3.92105
1445;3.78261
1446;3.40689
1447;2.86667
1448;3.14286
1449;3.0
1450;3.73365
1451;2.85714
1452;3.17544
1453;2.69565
1454;3.76592
1455;3.08333
1456;3.04175
1457;3.41176
1458;3.0855
1459;3.37111
1460;2.49227
1461;2.60094
1462;2.49524
1463;2.85135
1464;3.7766
1465;1.7541
1466;3.44828
1467;3.41611
1468;2.71287
1469;1.69355
1470;2.89873
1471;2.70149
1472;2.15
1473;2.93569
1474;2.83636
1475;2.68675
1476;2.32039
1477;3.58477
1478;2.80435
1479;4.05007
1480;3.3271
1481;3.28846
1482;3.125
1483;3.26866
1484;3.60287
1485;3.10364
1486;4.22008
1487;3.45045
1488;3.34349
1489;3.27273
1490;2.4
1491;2.25688
1492;2.76087
1493;3.91899
1494;2.53425
1495;3.0531
1496;3.02913
1497;2.0
1498;3.57778
1499;2.58824
1500;3.69959
1501;3.77174
1502;2.4
1503;3.77195
1504;2.57143
1505;3.87626
1506;3.06154
1507;3.87342
1508;2.62299
1509;3.44149
1510;2.8642
1511;2.91463
1512;3.44
1513;3.79532
1514;3.32558
1515;3.06667
1516;3.25
1517;3.72671
1518;3.31707
1519;2.44615
1520;3.30769
1521;3.52632
1522;3.27778
1523;2.66667
1524;3.58025
1525;3.19048
1526;2.52632
1527;3.84164
1528;4.2
1529;2.65591
1530;2.375
1531;2.8
1532;2.54286
1533;3.42857
1534;3.55556
1535;3.1
1536;3.57095
1537;3.76731
1538;4.00105
1539;2.9
1540;3.13787
1541;2.77419
1542;3.80275
1543;1.8
1544;3.76056
1545;2.18254
1546;3.87802
1547;3.76617
1548;3.77778
1549;3.5
1550;3.21429
1551;3.07383
1552;3.49818
1553;3.16738
1554;2.96499
1555;2.75
1556;3.73476
1557;3.72093
1558;3.64286
1559;3.56522
1560;3.48921
1561;3.41887
1562;2.52857
1563;2.98305
1564;4.15625
1565;1.83571
1566;2.0
1567;3.25132
1568;3.01478
1569;3.58131
1570;2.91667
1571;2.98063
1572;2.83333
1573;4.0419
1574;1.16667
1575;3.59317
1576;3.44572
1577;3.0
1578;3.85
1579;2.7907
1580;3.26042
1581;3.42105
1582;3.68899
1583;3.71779
1584;1.88136
1585;3.7438
1586;3.11538
1587;3.85484
1588;3.20332
1589;1.39024
1590;3.75
1591;3.90909
1592;2.71014
1593;2.76596
1594;3.48721
1595;3.80686
1596;3.4
1597;2.19298
1598;2.63441
1599;3.2
1600;3.40223
1601;3.53333
1602;2.59091
1603;3.68539
1604;3.95745
1605;1.88506
1606;2.74771
1607;3.0
1608;3.0
1609;3.12715
1610;3.4375
1611;2.59091
1612;2.4186
1613;2.5
1614;3.48623
1615;2.64516
1616;4.28571
1617;2.57143
1618;2.97561
1619;3.94449
1620;3.39535
1621;3.5
1622;4.05128
1623;3.02041
1624;3.16223
1625;2.45455
1626;3.42657
1627;4.5
1628;2.75
1629;4.02597
1630;2.65
1631;3.43878
1632;3.08101
1633;3.02703
1634;3.44366
1635;2.89172
1636;3.53333
1637;3.70968
1638;3.53651
1639;3.7
1640;3.5122
1641;3.36
1642;3.58131
1643;2.92308
1644;3.0
1645;3.58131
1646;3.18085
1647;2.05
1648;3.31868
1649;2.68966
1650;1.41667
1651;4.04211
1652;2.97143
1653;5.0
1654;2.56743
1655;4.0
1656;3.00412
1657;3.95323
1658;3.24924
1659;3.336
1660;2.7069
1661;2.25758
1662;3.37333
1663;3.0
1664;4.0
1665;3.0
1666;3.92593
1667;3.75362
1668;3.41176
1669;2.99383
1670;2.57143
1671;2.72727
1672;4.0
1673;2.0
1674;2.14286
1675;2.97619
1676;2.44086
1677;3.06061
1678;3.08696
1679;3.25949
1680;3.42308
1681;3.80488
1682;3.5
1683;2.02762
1684;2.19685
1685;2.6
1686;3.56863
1687;3.17341
1688;2.45455
1689;2.0
1690;2.32609
1691;3.42188
1692;4.0
1693;3.0
1694;3.7605
1695;3.37037
1696;3.38621
1697;3.17391
1698;2.5
1699;2.0
1700;4.0
1701;3.375
1702;2.80645
1703;2.33113
1704;3.42975
1705;3.3209
1706;3.71841
1707;3.0
1708;2.48214
1709;2.96296
1710;3.86957
1711;2.42857
1712;1.85714
1713;3.39888
1714;3.75
1715;2.9078
1716;3.24113
1717;3.07143
1718;3.55932
1719;3.64286
1720;3.2
1721;4.15789
1722;3.66667
1723;3.13793
1724;3.33333
1725;3.52941
1726;1.5
1727;3.17241
1728;3.73121
1729;3.0
1730;3.50891
1731;3.78378
1732;2.92931
1733;3.81348
1734;3.82781
1735;3.81009
1736;4.0
1737;3.47812
1738;3.18588
1739;3.14448
1740;3.1068
1741;2.82972
1742;3.82918
1743;3.3913
1744;3.89406
1745;2.57848
1746;3.85714
1747;3.13793
1748;4.24597
1749;3.39286
1750;3.80822
1751;3.0
1752;4.0404
1753;3.33333
1754;3.38095
1755;4.0
1756;4.0396
1757;3.82667
1758;3.67241
1759;3.89474
1760;4.12442
1761;3.8642
1762;3.76923
1763;4.04808
1764;3.32203
1765;4.0758
1766;4.29202
1767;3.98396
1768;4.06867
1769;3.86127
1770;4.23618
1771;4.12226
1772;3.70558
1773;4.12966
1774;4.09114
1775;3.9314
1776;3.79853
1777;3.97155
1778;3.81019
1779;3.62062
1780;3.67021
1781;3.97557
1782;4.05423
1783;3.88945
1784;4.02632
1785;3.78309
1786;3.68406
1787;3.59116
1788;3.64637
1789;3.88168
1790;2.30769
1791;2.63485
1792;2.21101
1793;1.98387
1794;2.21182
1795;3.03147
1796;2.3949
1797;2.02747
1798;2.19231
1799;2.08654
1800;2.13725
1801;2.18072
1802;1.85106
1803;3.73696
1804;2.71111
1805;2.13542
1806;2.475
1807;2.10345
1808;2.37647
1809;2.14286
1810;1.53846
1811;1.66667
1812;2.67421
1813;2.10833
1814;1.86022
1815;3.67355
1816;2.4269
1817;1.80392
1818;3.95906
1819;1.76471
1820;2.73451
1821;3.89474
1822;3.54139
1823;3.24394
1824;3.27104
1825;2.50888
1826;3.50232
1827;3.54846
1828;2.68333
1829;2.61538
1830;3.52785
1831;4.07584
1832;3.34688
1833;3.22854
1834;3.46454
1835;3.19048
1836;3.43314
1837;2.68367
1838;2.96774
1839;3.75236
1840;4.53546
1841;3.96724
1842;3.35754
1843;3.50439
1844;3.3487
1845;3.28462
1846;3.31658
1847;2.68456
1848;2.38053
1849;4.34054
1850;3.66667
1851;3.0
1852;2.89189
1853;3.17614
1854;2.82061
1855;3.07407
1856;2.18478
1857;3.5102
1858;2.90449
1859;1.0
1860;2.95
1861;2.70803
1862;2.66111
1863;3.23448
1864;2.5625
1865;3.44231
1866;3.47862
1867;3.05263
1868;3.48739
1869;3.31429
1870;2.54167
1871;2.61538
1872;2.82609
1873;2.28824
1874;2.94842
1875;2.81579
1876;3.375
1877;3.3012
1878;3.59836
1879;3.26295
1880;2.93038
1881;3.57143
1882;3.28571
1883;2.5
1884;4.06555
1885;3.59497
1886;4.14583
1887;4.06312
1888;3.85965
1889;3.78462
1890;3.93333
1891;3.9557
1892;2.92308
1893;3.65517
1894;3.55
1895;3.64865
1896;3.7543
1897;3.45985
1898;3.81864
1899;3.5
1900;3.80127
1901;3.75427
1902;2.89189
1903;3.61475
1904;3.09756
1905;3.58058
1906;3.48148
1907;3.67652
1908;2.625
1909;3.18605
1910;3.48472
1911;2.82609
1912;2.46452
1913;2.772
1914;3.09615
1915;2.9703
1916;3.70021
1917;3.47668
1918;3.15278
1919;3.58706
1920;3.41957
1921;3.46154
1922;3.34091
1923;3.08108
1924;3.35294
1925;3.3624
1926;3.30769
1927;2.71667
1928;3.70628
1929;3.74374
1930;3.25223
1931;3.22183
1932;3.48447
1933;2.09333
1934;3.67932
1935;3.67808
1936;3.34439
1937;3.69884
1938;3.70238
1939;2.24638
1940;2.97738
1941;2.70306
1942;2.43256
1943;2.90206
1944;3.17183
1945;3.70649
1946;2.71903
1947;3.33333
1948;3.33333
1949;3.75
1950;3.82394
1951;3.75
1952;4.08178
1953;3.2831
1954;3.4295
1955;3.23585
1956;3.175
1957;3.84513
1958;3.85315
1959;3.8209
1960;3.63817
1961;3.41873
1962;2.81768
1963;3.26791
1964;3.72409
1965;3.36651
1966;3.12074
1967;2.55924
1968;2.93151
1969;2.24731
1970;3.72063
1971;3.18487
1972;2.09677
1973;2.01136
1974;2.792
1975;3.31746
1976;3.625
1977;3.15789
1978;2.66667
1979;3.45408
1980;3.81917
1981;3.60248
1982;2.39877
1983;2.60773
1984;1.93333
1985;3.45545
1986;3.51181
1987;3.48209
1988;3.06944
1989;2.66667
1990;2.55263
1991;3.69186
1992;3.0
1993;3.54
1994;3.57721
1995;3.875
1996;3.90116
1997;3.19481
1998;3.63529
1999;3.05714
2000;3.30909
2001;3.57658
2002;3.59091
2003;3.92593
2004;3.61481
2005;3.6
2006;4.30963
2007;3.5
2008;2.73029
2009;3.73684
2010;2.87755
2011;2.8
2012;3.28571
2013;3.5082
2014;4.00499
2015;3.05469
2016;2.41667
2017;4.18182
2018;4.0
2019;2.5
2020;3.38889
2021;3.91282
2022;4.27404
2023;3.83721
2024;3.54839
2025;4.01274
2026;3.16667
2027;4.15819
2028;3.3
2029;3.72
2030;3.47059
2031;3.86325
2032;1.0
2033;3.0
2034;3.5
2035;1.0
2036;2.0
2037;3.4
2038;3.1
2039;3.5
2040;3.0
2041;3.65
2042;3.60317
2043;3.48826
2044;1.6
2045;1.875
2046;2.0
2047;3.59016
2048;3.58537
2049;3.81818
2050;3.68539
2051;3.52995
2052;2.76271
2053;2.2
2054;3.74162
2055;1.85714
2056;3.41443
2057;2.66667
2058;3.06667
2059;4.02297
2060;3.17209
2061;3.12069
2062;3.5
2063;3.02976
2064;2.585
2065;2.0
2066;2.67164
2067;2.31818
2068;2.875
2069;3.0
2070;2.74725
2071;2.84783
2072;3.36986
2073;3.15862
2074;3.11613
2075;2.60256
2076;2.0
2077;2.87429
2078;2.91045
2079;3.92857
2080;2.70443
2081;3.26761
2082;3.42574
2083;3.57672
2084;3.34921
2085;3.67692
2086;2.0
2087;3.53036
2088;2.71144
2089;3.4322
2090;3.25
2091;3.50173
2092;2.98039
2093;3.78947
2094;3.87234
2095;2.4878
2096;3.44828
2097;3.77381
2098;3.95833
2099;3.29358
2100;3.58346
2101;2.5
2102;3.24
2103;3.4591
2104;3.81538
2105;2.34328
2106;3.07362
2107;1.92308
2108;3.66667
2109;4.14876
2110;3.60882
2111;3.78455
2112;3.91919
2113;3.57143
2114;3.41667
2115;2.51163
2116;2.61111
2117;2.0
2118;4.5
2119;3.79365
2120;3.41745
2121;3.78451
2122;3.99511
2123;3.13542
2124;2.35075
2125;3.01435
2126;2.625
2127;3.89527
2128;3.11377
2129;3.68874
2130;2.93536
2131;3.90323
2132;4.32832
2133;3.11818
2134;3.18182
2135;2.91111
2136;2.85802
2137;4.22727
2138;4.22078
2139;3.25731
2140;3.14286
2141;3.78908
2142;3.12885
2143;2.94764
2144;4.01529
2145;3.22124
2146;2.18251
2147;2.91667
2148;3.2776
2149;3.34146
2150;3.8
2151;2.0
2152;3.46486
2153;3.41463
2154;3.29963
2155;3.73864
2156;3.56835
2157;3.62914
2158;2.82353
2159;4.20388
2160;3.875
2161;3.70033
2162;2.79389
2163;3.85267
2164;2.96552
2165;4.27273
2166;4.0
2167;3.86604
2168;4.32075
2169;3.24324
2170;2.86957
2171;3.28467
2172;2.78571
2173;2.784
2174;3.65836
2175;2.73852
2176;1.65385
2177;2.94379
2178;3.51515
2179;3.60223
2180;3.01818
2181;2.48571
2182;2.94977
2183;2.90339
2184;3.24917
2185;2.96471
2186;3.01882
2187;2.37321
2188;2.03352
2189;1.88199
2190;1.7482
2191;1.66917
2192;3.30085
2193;2.5625
2194;2.0
2195;2.76961
2196;3.46667
2197;2.65823
2198;3.6936
2199;3.75708
2200;2.24339
2201;3.34045
2202;3.569
2203;3.82885
2204;4.12644
2205;3.30435
2206;3.95157
2207;2.67308
2208;2.78947
2209;3.75887
2210;2.81694
2211;3.55801
2212;2.33577
2213;3.17476
2214;3.6983
2215;3.53369
2216;2.53191
2217;3.18826
2218;2.87032
2219;2.61988
2220;2.10442
2221;3.25935
2222;3.39244
2223;3.0
2224;3.14103
2225;2.94118
2226;3.06863
2227;3.18182
2228;3.42166
2229;2.66901
2230;2.12595
2231;3.59488
2232;3.39921
2233;3.61404
2234;3.04
2235;3.41724
2236;2.77872
2237;2.81818
2238;3.08088
2239;3.12412
2240;3.1037
2241;3.36691
2242;3.625
2243;3.125
2244;3.56637
2245;3.6962
2246;4.0
2247;3.58242
2248;3.40909
2249;3.0
2250;3.81429
2251;3.60345
2252;4.0
2253;2.77465
2254;2.50909
2255;3.06452
2256;2.29825
2257;1.53333
2258;2.12183
2259;2.66355
2260;1.72222
2261;3.30435
2262;3.36569
2263;3.42443
2264;2.27863
2265;3.35897
2266;2.48276
2267;3.24091
2268;2.38739
2269;2.10526
2270;1.84615
2271;3.45476
2272;2.66667
2273;2.08108
2274;3.45455
2275;3.88851
2276;2.73591
2277;3.2694
2278;3.42823
2279;2.61765
2280;2.96471
2281;2.41714
2282;3.48052
2283;3.27907
2284;3.35688
2285;2.36842
2286;3.08889
2287;2.2
2288;4.5
2289;3.55172
2290;3.44444
2291;3.0
2292;2.0
2293;3.03846
2294;1.77778
2295;2.42857
2296;3.85
2297;3.50141
2298;2.78095
2299;2.95122
2300;4.07692
2301;4.04
2302;3.60674
2303;3.36615
2304;2.8366
2305;2.33036
2306;3.52083
2307;2.60909
2308;4.14474
2309;3.82042
2310;4.66667
2311;2.88485
2312;2.8629
2313;3.31373
2314;2.95652
2315;2.76471
2316;3.66667
2317;3.88
2318;3.9375
2319;2.95018
2320;2.12745
2321;1.8
2322;1.81818
2323;3.09129
2324;3.46442
2325;3.17978
2326;3.17284
2327;2.58228
2328;2.30435
2329;2.34211
2330;3.04016
2331;2.20144
2332;2.41964
2333;3.41652
2334;3.46516
2335;3.70711
2336;2.94311
2337;2.85567
2338;2.82298
2339;3.03505
2340;2.5
2341;2.79279
2342;1.88889
2343;1.90323
2344;3.6
2345;3.39432
2346;3.04255
2347;3.22631
2348;3.89828
2349;3.5
2350;2.66667
2351;2.81818
2352;2.96178
2353;2.2234
2354;2.24845
2355;3.5283
2356;3.2807
2357;2.1875
2358;3.36765
2359;3.15267
2360;1.71242
2361;3.0
2362;3.4
2363;2.75688
2364;2.59259
2365;3.09396
2366;3.01653
2367;3.71429
2368;3.0
2369;3.95266
2370;2.52778
2371;3.21147
2372;2.09239
2373;3.75
2374;3.56989
2375;4.32397
2376;3.41997
2377;3.40909
2378;2.67027
2379;4.02344
2380;2.0
2381;3.25926
2382;3.5
2383;3.77778
2384;3.84923
2385;3.16696
2386;3.12069
2387;3.6
2388;3.0
2389;3.86111
2390;2.95833
2391;2.96667
2392;2.76271
2393;2.95122
2394;2.0
2395;3.58131
2396;3.66667
2397;3.95161
2398;3.6124
2399;2.67857
2400;3.00421
2401;3.92888
2402;3.23784
2403;2.33333
2404;3.1707
2405;2.66489
2406;4.12698
2407;2.66667
2408;4.16667
2409;3.84211
2410;3.90226
2411;4.04878
2412;3.13178
2413;1.92683
2414;2.97674
2415;2.67082
2416;3.30986
2417;3.86047
2418;3.0
2419;3.71429
2420;3.73016
2421;3.34605
2422;2.75
2423;4.04211
2424;3.04762
2425;3.55882
2426;3.53846
2427;3.40654
2428;2.76296
2429;3.52778
2430;2.0
2431;3.4
2432;3.55
2433;3.18519
2434;3.03333
2435;2.54545
2436;2.75862
2437;2.85714
2438;3.18831
2439;3.53052
2440;3.17403
2441;2.33824
2442;1.86424
2443;3.79091
2444;3.36667
2445;2.79412
2446;3.18
2447;3.96419
2448;3.32759
2449;2.62069
2450;3.17722
2451;2.95833
2452;2.6
2453;3.7623
2454;1.8
2455;2.78571
2456;3.29035
2457;3.09091
2458;3.2093
2459;3.9187
2460;3.39759
2461;3.85575
2462;3.10417
2463;3.91724
2464;3.39062
2465;3.18519
2466;2.66071
2467;2.5451
2468;3.72727
2469;4.01005
2470;3.663
2471;3.16524
2472;4.33333
2473;3.0
2474;3.4
2475;3.14463
2476;4.0396
2477;3.17391
2478;2.6
2479;3.65
2480;4.0
2481;3.37395
2482;3.0
2483;3.95717
2484;3.66173
2485;3.112
2486;3.47368
2487;3.72176
2488;2.88889
2489;4.21308
2490;3.89372
2491;3.13483
2492;2.33333
2493;3.71622
2494;3.75
2495;3.00885
2496;3.76095
2497;2.1584
2498;3.08889
2499;3.0
2500;3.05263
2501;2.71429
2502;3.71659
2503;3.5053
2504;3.84091
2505;3.14085
2506;3.04464
2507;3.48276
2508;3.18857
2509;2.51175
2510;3.2625
2511;2.2381
2512;3.90832
2513;2.89231
2514;3.12536
2515;2.36643
2516;2.14697
2517;3.79221
2518;2.86506
2519;3.01931
2520;3.12245
2521;3.75294
2522;4.18103
2523;3.5
2524;3.99745
2525;3.84181
2526;3.57595
2527;4.34884
2528;3.97692
2529;2.375
2530;3.35784
2531;2.89021
2532;3.45673
2533;3.0
2534;3.44286
2535;3.8642
2536;2.64706
2537;3.01887
2538;2.0
2539;3.375
2540;3.66667
2541;3.94527
2542;3.32829
2543;3.29846
2544;2.06667
2545;3.23377
2546;3.69202
2547;2.76471
2548;2.95833
2549;3.47059
2550;1.90909
2551;2.67742
2552;3.17857
2553;3.83721
2554;2.83333
2555;3.35013
2556;3.42857
2557;4.04187
2558;4.40125
2559;3.63682
2560;3.59216
2561;2.71429
2562;3.5
2563;2.95455
2564;3.23077
2565;3.22535
2566;3.27071
2567;2.92208
2568;3.03587
2569;3.2
2570;3.5283
2571;3.25
2572;3.83333
2573;2.0
2574;2.4
2575;3.62179
2576;3.16901
2577;3.21818
2578;3.46809
2579;2.33333
2580;3.2
2581;3.08696
2582;2.39062
2583;2.90728
2584;4.1467
2585;2.99359
2586;2.65455
2587;3.96705
2588;2.99608
2589;2.7418
2590;2.90857
2591;3.83838
2592;2.94907
2593;3.86235
2594;1.91096
2595;1.50588
2596;3.15789
2597;3.4875
2598;3.09756
2599;3.27302
2600;4.25825
2601;2.84841
2602;2.62295
2603;1.79012
2604;2.52367
2605;2.57895
2606;3.92308
2607;4.0
2608;3.19512
2609;3.65517
2610;2.625
2611;2.59839
2612;1.87407
2613;1.63717
2614;1.58
2615;4.03754
2616;3.57447
2617;2.66667
2618;3.08403
2619;2.5
2620;4.0
2621;2.0
2622;3.13411
2623;2.43092
2624;2.09524
2625;2.97163
2626;3.54545
2627;3.25
2628;4.0
2629;3.47059
2630;2.5
2631;3.3
2632;3.38095
2633;4.33333
2634;2.90078
2635;3.64027
2636;3.43243
2637;3.80952
2638;3.21519
2639;1.0
2640;3.38926
2641;3.9375
2642;3.91892
2643;2.78571
2644;2.71429
2645;2.48387
2646;3.75497
2647;2.88889
2648;2.5
2649;2.22222
2650;2.80723
2651;3.725
2652;4.31755
2653;4.20982
2654;3.25225
2655;3.11875
2656;2.56962
2657;3.89895
2658;2.88
2659;3.0
2660;3.68478
2661;3.45725
2662;2.31034
2663;2.66667
2664;3.59551
2665;3.9538
2666;3.8237
2667;2.65
2668;3.4918
2669;3.24812
2670;2.675
2671;2.97409
2672;2.25
2673;3.41447
2674;3.49231
2675;3.19611
2676;2.75
2677;3.54724
2678;2.54054
2679;3.36364
2680;2.36667
2681;2.25
2682;2.81081
2683;3.4053
2684;3.81049
2685;3.46154
2686;2.54545
2687;2.90244
2688;2.60714
2689;3.0
2690;3.34615
2691;3.11111
2692;2.69792
2693;3.54128
2694;2.65986
2695;3.19728
2696;2.41892
2697;2.0989
2698;3.75
2699;4.62903
2700;2.33624
2701;2.43655
2702;4.00635
2703;4.0
2704;3.28571
2705;3.68646
2706;3.30769
2707;2.375
2708;3.62824
2709;3.67956
2710;4.05765
2711;4.11985
2712;3.92286
2713;4.14286
2714;3.89199
2715;3.7235
2716;3.4
2717;3.90551
2718;4.22642
2719;3.34091
2720;4.08046
2721;3.29412
2722;3.47
2723;4.4
2724;4.625
2725;3.98131
2726;3.44444
2727;2.4
2728;4.25191
2729;4.09459
2730;4.25843
2731;3.64286
2732;3.55319
2733;4.0101
2734;3.62646
2735;3.09816
2736;3.80851
2737;3.99368
2738;2.64
2739;3.75373
2740;3.96472
2741;3.87717
2742;3.86473
2743;2.31629
2744;4.01253
2745;3.74706
2746;2.41
2747;2.0
2748;3.14815
2749;4.08427
2750;2.75
2751;2.79447
2752;3.4
2753;3.70588
2754;2.88889
2755;2.0
2756;4.04592
2757;3.78333
2758;3.70194
2759;3.88372
2760;3.95745
2761;3.81851
2762;4.06667
2763;4.04819
2764;1.7377
2765;3.05051
2766;3.05754
2767;2.87805
2768;2.81915
2769;2.20588
2770;3.71429
2771;2.0
2772;3.97403
2773;3.44444
2774;3.46238
2775;2.39956
2776;3.68344
2777;3.67677
2778;3.49354
2779;3.19825
2780;3.58355
2781;2.51724
2782;3.7033
2783;3.5
2784;2.29393
2785;3.44628
2786;4.13039
2787;3.53846
2788;4.0
2789;4.13376
2790;1.66667
2791;3.875
2792;3.25
2793;2.52863
2794;3.38803
2795;4.06337
2796;4.03788
2797;3.68182
2798;3.5625
2799;3.67143
2800;3.875
2801;2.98387
2802;2.91304
2803;3.37705
2804;3.16626
2805;2.51579
2806;3.47768
2807;3.91623
2808;3.47234
2809;2.84375
2810;4.37173
2811;2.34694
2812;3.25
2813;1.5
2814;1.14286
2815;3.728
2816;3.27119
2817;4.41117
2818;2.16327
2819;3.5122
2820;3.28117
2821;3.75079
2822;4.14545
2823;3.26875
2824;4.03853
2825;4.16418
2826;3.84697
2827;3.27622
2828;1.68116
2829;1.57143
2830;1.71795
2831;3.86226
2832;3.08824
2833;3.46154
2834;3.52941
2835;2.27692
2836;3.29032
2837;3.35714
2838;2.9375
2839;3.71038
2840;3.03762
2841;1.93913
2842;3.36842
2843;3.66667
2844;4.0
2845;2.11111
2846;3.83462
2847;3.864
2848;3.97231
2849;2.7619
2850;2.51724
2851;4.0
2852;3.73034
2853;3.89905
2854;3.87464
2855;3.82353
2856;3.39711
2857;3.78502
2858;3.78217
2859;3.21875
2860;3.80198
2861;3.96923
2862;3.71429
2863;4.24051
2864;3.59559
2865;3.88889
2866;3.50575
2867;3.39147
2868;4.07222
2869;3.5
2870;2.5
2871;3.59459
2872;3.48434
2873;4.09034
2874;4.37281
2875;4.1375
2876;4.29231
2877;3.94737
2878;3.71795
2879;3.87912
2880;4.12288
2881;3.9881
2882;4.03191
2883;3.82164
2884;3.26984
2885;3.74645
2886;3.67255
2887;3.67421
2888;3.1
2889;3.85901
2890;3.77303
2891;3.30435
2892;3.44906
2893;3.61993
2894;3.25862
2895;3.4
2896;3.68528
2897;3.39683
2898;2.64147
2899;4.21394
2900;3.19802
2901;2.72727
2902;3.25373
2903;3.49153
2904;2.0
2905;3.01709
2906;3.52941
2907;3.44444
2908;1.0
2909;3.29032
2910;3.5
2911;4.0
2912;3.23077
2913;3.42553
2914;3.72374
2915;2.37864
2916;3.5
2917;3.66667
2918;3.69231
2919;4.32886
2920;3.96571
2921;3.0
2922;3.8
2923;3.19355
2924;3.2
2925;3.44444
2926;3.0678
2927;3.4359
2928;3.64516
2929;3.34783
2930;3.37021
2931;2.76619
2932;4.14641
2933;3.95392
2934;2.25
2935;3.64583
2936;2.0
2937;3.95666
2938;3.60924
2939;3.42857
2940;3.40264
2941;2.92113
2942;3.13203
2943;3.65
2944;3.81324
2945;3.86772
2946;3.47368
2947;2.52632
2948;3.70775
2949;4.0
2950;2.60714
2951;1.2
2952;3.61184
2953;3.76044
2954;3.51982
2955;3.95652
2956;5.0
2957;3.12184
2958;3.48628
2959;3.7656
2960;3.50208
2961;2.62821
2962;3.84894
2963;3.40097
2964;2.20968
2965;3.69737
2966;3.91892
2967;3.57895
2968;2.5
2969;3.41944
2970;3.46056
2971;3.0
2972;3.7551
2973;3.64364
2974;2.20833
2975;4.08696
2976;3.30198
2977;4.2095
2978;3.28384
2979;4.05842
2980;3.36364
2981;3.86184
2982;3.96942
2983;1.0
2984;3.67699
2985;3.67021
2986;2.25
2987;3.2541
2988;3.2
2989;2.75934
2990;1.0
2991;3.82125
2992;3.55738
2993;3.0
2994;3.56542
2995;3.32979
2996;3.1
2997;4.5
2998;3.36585
2999;3.18519
3000;3.25553
3001;2.0
3002;3.41667
3003;4.21429
3004;3.46154
3005;4.04167
3006;2.6875
3007;1.0
3008;4.0
3009;3.625
3010;4.0
3011;5.0
3012;3.06557
3013;3.5
3014;1.0
3015;2.1417
3016;2.41667
3017;3.25806
3018;3.66038
3019;3.66667
3020;2.49632
3021;3.66783
3022;4.8
3023;3.89977
3024;3.16176
3025;2.52778
3026;3.15361
3027;3.40615
3028;3.34137
3029;3.71063
3030;3.60683
3031;2.86667
3032;3.69106
3033;3.73306
3034;2.87057
3035;2.72843
3036;3.37808
3037;3.74592
3038;3.4987
3039;2.94079
3040;3.19212
3041;3.10776
3042;4.13699
3043;3.62406
3044;3.68192
3045;1.77844
3046;3.19816
3047;3.29032
3048;3.83498
3049;3.23418
3050;2.72401
3051;3.12214
3052;3.65432
3053;2.78571
3054;4.0
3055;5.0
3056;4.06522
3057;3.7
3058;3.46667
3059;3.64286
3060;2.687
3061;2.15596
3062;2.72881
3063;2.66667
3064;3.77273
3065;3.0
3066;2.0
3067;3.83333
3068;3.4
3069;2.5
3070;4.0
3071;3.79348
3072;2.0
3073;3.45763
3074;2.30573
3075;3.29652
3076;3.37613
3077;3.36
3078;3.2
3079;3.58824
3080;4.0
3081;3.95652
3082;4.40891
3083;3.17986
3084;3.65217
3085;3.85455
3086;3.80645
3087;1.0
3088;2.28571
3089;3.25
3090;2.0
3091;2.78652
3092;3.95455
3093;3.46512
3094;3.29167
3095;3.45
3096;2.0
3097;2.75
3098;3.0
3099;2.76744
3100;2.35374
3101;2.86792
3102;3.52066
3103;3.77857
3104;3.8
3105;3.75532
3106;2.32
3107;3.4
3108;4.08706
3109;2.5
3110;3.0
3111;3.5
3112;4.41667
3113;3.76923
3114;2.78788
3115;4.04848
3116;3.89163
3117;2.45455
3118;2.57895
3119;3.05
3120;3.25
3121;3.99482
3122;3.43478
3123;3.97656
3124;3.14286
3125;2.66667
3126;4.0
3127;2.5928
3128;2.8853
3129;3.72826
3130;3.68293
3131;4.07725
3132;3.9215
3133;3.82787
3134;3.9697
3135;4.02002
3136;3.93431
3137;4.09649
3138;3.79149
3139;3.45714
3140;3.66071
3141;3.49351
3142;3.78571
3143;3.55769
3144;2.66667
3145;2.61538
3146;3.33333
3147;1.0
3148;3.0
3149;3.25
3150;3.95402
3151;3.0
3152;3.5
3153;3.58131
3154;3.80488
3155;2.568
3156;3.75256
3157;2.72727
3158;2.75277
3159;2.7027
3160;1.70968
3161;2.2907
3162;1.97917
3163;2.15909
3164;2.67857
3165;2.88462
3166;3.8449
3167;3.73333
3168;3.50987
3169;3.19231
3170;2.51724
3171;2.11765
3172;3.33333
3173;2.8
3174;3.42233
3175;3.85185
3176;3.75
3177;1.66667
3178;3.86734
3179;3.27619
3180;4.33333
3181;3.33333
3182;3.5
3183;3.20455
3184;3.71429
3185;3.89362
3186;3.61194
3187;3.67876
3188;3.08333
3189;3.6954
3190;4.04442
3191;3.39691
3192;2.90769
3193;3.89088
3194;3.30667
3195;3.22798
3196;3.31429
3197;2.94643
3198;4.37805
3199;3.30964
3200;2.65823
3201;2.28358
3202;2.15556
3203;2.2
3204;4.41782
3205;2.76923
3206;2.0
3207;2.7037
3208;2.15721
3209;1.90798
3210;3.28904
3211;2.25
3212;3.8
3213;3.205
3214;3.1938
3215;3.33333
3216;3.77193
3217;3.73663
3218;2.97059
3219;3.40915
3220;3.9185
3221;3.14865
3222;2.45679
3223;2.675
3224;3.95161
3225;3.0
3226;3.58131
3227;2.84483
3228;1.0
3229;3.6761
3230;4.24908
3231;1.8
3232;2.38889
3233;2.73333
3234;3.52
3235;4.01626
3236;4.255
3237;4.29536
3238;4.375
3239;4.0099
3240;1.0
3241;3.47059
3242;3.25
3243;3.95041
3244;3.5665
3245;3.07787
3246;3.33871
3247;3.67347
3248;3.62937
3249;3.92741
3250;3.0
3251;3.00662
3252;2.72556
3253;1.5
3254;2.88889
3255;3.74194
3256;2.0
3257;3.0303
3258;2.6875
3259;2.98387
3260;3.57143
3261;1.0
3262;3.71672
3263;3.77778
3264;3.2037
3265;3.01099
3266;4.01487
3267;3.8304
3268;2.72289
3269;3.54286
3270;3.5
3271;3.40323
3272;4.024
3273;3.84326
3274;3.38095
3275;4.00565
3276;4.05279
3277;2.75309
3278;3.76011
3279;2.63333
3280;3.68486
3281;3.35544
3282;3.19643
3283;3.18497
3284;3.80693
3285;4.5
3286;2.84615
3287;3.34302
3288;2.64286
3289;3.84118
3290;4.0
3291;3.8
3292;3.43852
3293;3.1215
3294;3.75238
3295;3.65228
3296;3.12414
3297;3.44681
3298;4.0
3299;3.08
3300;3.66667
3301;3.16667
3302;3.06972
3303;3.25
3304;3.74165
3305;3.32258
3306;3.68987
3307;3.94595
3308;2.80769
3309;3.0
3310;3.94241
3311;2.94318
3312;3.90244
3313;3.69903
3314;3.80282
3315;3.82114
3316;3.79498
3317;3.45139
3318;3.96143
3319;3.84722
3320;2.77333
3321;3.46847
3322;3.52906
3323;3.60274
3324;2.89286
3325;3.7037
3326;3.04167
3327;1.92308
3328;1.73684
3329;3.23293
3330;3.39649
3331;3.35484
3332;3.40909
3333;3.41176
3334;3.9
3335;3.31858
3336;1.75362
3337;1.47826
3338;1.05882
3339;3.33333
3340;3.72047
3341;2.69091
3342;4.0957
3343;2.42623
3344;3.21739
3345;2.69231
3346;2.74167
3347;3.83333
3348;3.6
3349;3.03448
3350;3.35714
3351;2.82895
3352;3.42171
3353;2.66667
3354;1.60443
3355;3.2625
3356;3.0
3357;2.53571
3358;2.72222
3359;3.47561
3360;3.61458
3361;2.84545
3362;4.0
3363;3.0
3364;3.33333
3365;3.67544
3366;3.13333
3367;3.94231
3368;5.0
3369;3.43372
3370;4.0
3371;2.41379
3372;2.92308
3373;3.66667
3374;3.7619
3375;3.23838
3376;3.24224
3377;2.52713
3378;3.2513
3379;3.35329
3380;3.27907
3381;3.06977
3382;1.66667
3383;3.82609
3384;3.1786
3385;3.66574
3386;3.8
3387;2.38636
3388;3.44211
3389;3.40206
3390;4.20158
3391;2.66667
3392;3.61765
3393;3.4697
3394;4.21622
3395;3.59641
3396;2.77778
3397;3.89474
3398;3.19628
3399;3.63504
3400;3.45455
3401;2.75
3402;3.07692
3403;3.44086
3404;3.3125
3405;3.73333
3406;2.47904
3407;4.0
3408;2.625
3409;3.17472
3410;1.0
3411;3.0
3412;3.82014
3413;3.96957
3414;3.73913
3415;5.0
3416;3.66667
3417;3.69355
3418;3.23529
3419;2.86395
3420;2.27397
3421;2.12048
3422;1.83019
3423;1.69231
3424;1.69565
3425;1.8
3426;1.9
3427;3.90997
3428;2.35294
3429;3.75
3430;4.04762
3431;2.97059
3432;2.32
3433;2.65
3434;3.84232
3435;3.44318
3436;3.875
3437;3.75904
3438;4.24138
3439;3.92683
3440;3.89003
3441;3.68041
3442;4.2108
3443;3.40062
3444;3.583
3445;3.24933
3446;2.0
3447;2.72222
3448;2.01493
3449;2.0625
3450;2.51282
3451;2.28889
3452;2.7439
3453;1.87273
3454;1.85714
3455;2.53571
3456;2.88014
3457;3.21341
3458;3.45501
3459;3.57209
3460;3.19272
3461;3.66492
3462;3.67444
3463;3.16565
3464;2.5913
3465;3.41667
3466;3.06542
3467;3.01224
3468;2.39583
3469;2.22699
3470;3.13793
3471;3.21257
3472;3.775
3473;3.18644
3474;2.53165
3475;2.40984
3476;2.99433
3477;3.45283
3478;3.02439
3479;3.62195
3480;2.55
3481;2.0
3482;3.7541
3483;3.70492
3484;3.05941
3485;3.58427
3486;3.71756
3487;3.96269
3488;3.40704
3489;4.24138
3490;3.41026
3491;2.95385
3492;3.8403
3493;3.5098
3494;3.98455
3495;3.75676
3496;4.0
3497;3.45714
3498;4.0
3499;3.39556
3500;4.06977
3501;3.95305
3502;2.60526
3503;3.25722
3504;3.38066
3505;3.84615
3506;3.74016
3507;4.0
3508;3.25
3509;3.86695
3510;2.98851
3511;3.74911
3512;2.44681
3513;3.36462
3514;3.5
3515;2.57143
3516;2.81731
3517;3.19355
3518;3.46809
3519;3.13636
3520;1.0
3521;3.57253
3522;2.65909
3523;2.86047
3524;2.54545
3525;2.10101
3526;2.16667
3527;3.40909
3528;3.47078
3529;3.3609
3530;1.66667
3531;2.79739
3532;2.0
3533;3.22222
3534;3.34783
3535;2.1
3536;2.75
3537;3.0
3538;3.0
3539;2.58621
3540;2.70732
3541;4.02804
3542;3.23226
3543;3.0221
3544;3.24561
3545;3.89286
3546;3.79452
3547;4.1958
3548;3.31111
3549;3.04523
3550;3.54688
3551;3.83636
3552;3.26667
3553;3.43103
3554;3.5
3555;2.23077
3556;3.3578
3557;1.52222
3558;2.33333
3559;4.21925
3560;2.40493
3561;3.55556
3562;2.575
3563;2.73333
3564;3.24074
3565;3.30851
3566;4.02381
3567;3.3755
3568;3.19481
3569;4.0988
3570;3.58491
3571;3.34615
3572;4.0099
3573;3.63636
3574;2.92857
3575;2.42857
3576;4.01732
3577;1.81818
3578;2.66216
3579;3.7619
3580;3.61667
3581;2.13761
3582;2.77778
3583;2.54294
3584;3.37868
3585;2.5
3586;2.875
3587;3.68293
3588;3.2
3589;2.55769
3590;2.85976
3591;2.69182
3592;3.91691
3593;2.91358
3594;2.67568
3595;2.67442
3596;2.63441
3597;2.76173
3598;3.0
3599;2.62963
3600;3.56712
3601;3.32
3602;3.13953
3603;2.96
3604;3.16667
3605;4.04878
3606;2.90909
3607;3.89474
3608;3.70745
3609;3.5
3610;3.78947
3611;3.66667
3612;2.65385
3613;3.16667
3614;3.90278
3615;3.1875
3616;3.09545
3617;3.1
3618;3.25589
3619;2.70677
3620;3.24444
3621;3.6
3622;3.45455
3623;3.6619
3624;3.0646
3625;3.82609
3626;3.83019
3627;3.83158
3628;3.65476
3629;3.0
3630;2.8
3631;2.0
3632;2.01183
3633;3.0
3634;2.84252
3635;3.375
3636;5.0
3637;3.30841
3638;2.71429
3639;2.41176
3640;3.08
3641;2.88889
3642;3.0
3643;4.5
3644;2.41732
3645;3.0
3646;1.66667
3647;2.875
3648;3.4831
3649;3.2
3650;2.27907
3651;3.31176
3652;4.22028
3653;2.7619
3654;1.66667
3655;2.88462
3656;2.62366
3657;3.0
3658;3.53061
3659;1.0
3660;3.71429
3661;3.13333
3662;2.13415
3663;2.68657
3664;3.85393
3665;4.08263
3666;2.39394
3667;2.77778
3668;3.33846
3669;3.5042
3670;3.93005
3671;3.12146
3672;2.75497
3673;2.23288
3674;3.74194
3675;2.63636
3676;2.63889
3677;2.54839
3678;3.0
3679;3.87931
3680;3.36076
3681;3.55128
3682;3.45989
3683;4.0
3684;3.23737
3685;2.125
3686;3.76923
3687;2.25
3688;3.07407
3689;3.0
3690;3.75
3691;2.91525
3692;1.84
3693;2.04167
3694;1.64286
3695;2.0
3696;1.84615
3697;2.96471
3698;2.0
3699;1.46341
3700;2.29412
3701;3.5
3702;3.6493
3703;4.12454
3704;3.68627
3705;3.89189
3706;3.77778