1;4.19149
2;3.70339
3;3.91489
4;4.16667
5;3.16571
6;3.89062
7;4.35714
8;3.88636
9;3.75
10;4.10221
11;3.27132
12;3.77273
13;3.40625
14;3.22727
15;3.32044
16;3.0
17;4.0829
18;3.65704
19;3.58436
20;4.08696
21;2.8
22;3.04762
23;3.33948
24;3.98425
25;3.79221
26;2.95856
27;4.14286
28;3.7732
29;3.56436
30;3.52632
31;3.75701
32;3.61905
33;3.53073
34;3.88194
35;3.53039
36;4.20505
37;3.7
38;3.64773
39;3.54386
40;3.40449
41;3.34783
42;3.76303
43;4.09091
44;3.62712
45;2.9631
46;4.17949
47;3.9
48;3.03846
49;3.68687
50;3.02439
51;3.78378
52;3.58904
53;4.23163
54;4.02778
55;4.17391
56;3.94915
57;2.95
58;3.96954
59;3.43814
60;3.44615
61;2.84375
62;3.55778
63;3.41758
64;4.18182
65;4.38532
66;3.75
67;4.2931
68;3.66667
69;4.1746
70;3.86957
71;3.76
72;3.66667
73;3.37991
74;4.05128
75;4.01807
76;4.16867
77;2.97143
78;3.63566
79;3.64516
80;3.9
81;4.39241
82;4.00926
83;3.57778
84;3.73913
85;3.11111
86;4.33333
87;2.79245
88;4.12308
89;3.38889
90;3.49505
91;4.63889
92;2.73028
93;2.95545
94;3.9
95;3.58889
96;3.63768
97;4.48592
98;3.78947
99;3.25
100;3.04286
101;4.71287
102;3.17886
103;4.03774
104;3.425
105;4.28302
106;4.0
107;3.73832
108;3.13889
109;4.04
110;3.32877
111;3.73563
112;4.17857
113;3.54839
114;3.66279
115;3.9
116;3.74026
117;3.30065
118;3.80198
119;3.56044
120;3.63158
121;4.42188
122;2.84
123;3.37798
124;4.14286
125;4.12308
126;4.21739
127;3.85256
128;4.36364
129;4.02817
130;4.30645
131;3.4
132;4.05
133;3.83117
134;2.79042
135;3.63492
136;3.09649
137;3.59777
138;4.58621
139;3.88938
140;3.77083
141;3.85
142;3.46154
143;3.46875
144;3.51613
145;2.97368
146;3.75325
147;3.5
148;3.72174
149;3.9375
150;4.04147
151;3.6533
152;4.13636
153;4.04
154;3.15
155;2.94505
156;4.25385
157;3.73537
158;4.0
159;3.66667
160;3.52632
161;4.46863
162;4.08163
163;2.2022
164;4.45455
165;3.95918
166;3.69474
167;2.94643
168;3.84
169;3.57031
170;3.95238
171;3.95238
172;3.7
173;3.99002
174;3.69318
175;3.97595
176;3.56944
177;4.12195
178;3.86916
179;2.66667
180;3.77083
181;3.60219
182;3.77333
183;4.1134
184;4.06098
185;3.58
186;4.26087
187;4.0799
188;3.14286
189;4.0
190;3.65714
191;3.28571
192;3.13235
193;3.70667
194;3.93878
195;3.87203
196;4.06667
197;3.94737
198;3.75439
199;3.27548
200;3.41667
201;3.96341
202;3.24754
203;2.27586
204;3.54768
205;4.04895
206;3.07407
207;3.42857
208;3.67073
209;3.25
210;4.10101
211;3.84848
212;3.84158
213;4.22222
214;3.13072
215;4.54545
216;3.22176
217;3.73684
218;3.12329
219;3.39394
220;4.19388
221;3.22222
222;4.0411
223;3.45306
224;3.4
225;3.44612
226;3.5625
227;3.31818
228;3.96552
229;3.43158
230;4.08497
231;4.2
232;3.58537
233;4.58
234;4.26087
235;4.12099
236;3.64286
237;3.38158
238;3.80087
239;4.16923
240;3.32331
241;3.94
242;3.17623
243;3.64516
244;4.16901
245;2.67147
246;4.125
247;3.93548
248;4.16667
249;3.89474
250;3.66667
251;3.58065
252;4.0
253;3.88
254;3.84211
255;4.02336
256;3.88764
257;4.60465
258;3.7
259;4.02564
260;3.33333
261;3.56869
262;3.32632
263;3.67442
264;2.78522
265;4.1828
266;4.52273
267;3.3719
268;3.36134
269;3.78571
270;4.21368
271;3.94346
272;3.65046
273;3.74011
274;4.25373
275;4.21951
276;3.5
277;3.75
278;3.98305
279;2.84783
280;3.93478
281;3.875
282;3.57692
283;4.95652
284;3.03783
285;4.20472
286;3.94595
287;3.70968
288;4.57407
289;3.92308
290;3.25
291;4.14737
292;3.78378
293;3.2699
294;3.51064
295;3.77647
296;3.51765
297;3.96203
298;4.0
299;4.16
300;4.17937
301;3.78788
302;2.87101
303;3.84896
304;3.66667
305;2.58278
306;3.92529
307;4.57485
308;3.39458
309;4.01724
310;3.43
311;4.10526
312;3.75926
313;4.0
314;3.70301
315;3.83333
316;4.12857
317;3.73684
318;3.89474
319;3.3003
320;4.2381
321;3.23383
322;4.5
323;3.74528
324;3.31343
325;4.07692
326;3.34203
327;3.63927
328;3.03509
329;2.71884
330;4.01429
331;3.77239
332;4.21311
333;3.32367
334;3.88235
335;2.52985
336;4.30612
337;3.51705
338;3.65846
339;4.0
340;3.52525
341;4.22222
342;3.7069
343;4.02632
344;2.975
345;4.375
346;4.30153
347;3.95294
348;3.76667
349;3.25301
350;3.93103
351;3.76344
352;3.47475
353;3.68421
354;3.57692
355;3.43085
356;4.35
357;3.27778
358;3.91803
359;3.85106
360;3.64407
361;3.53846
362;3.2766
363;3.725
364;3.0
365;3.425
366;4.05579
367;4.25
368;3.76451
369;3.20988
370;3.74138
371;3.50704
372;4.55782
373;3.53846
374;4.44681
375;4.02381
376;4.08571
377;3.89256
378;3.37143
379;4.25
380;3.75781
381;4.19355
382;4.01887
383;3.65
384;3.59091
385;3.88525
386;3.31513
387;3.69355
388;3.84906
389;3.60606
390;3.68229
391;3.75342
392;3.48182
393;3.62687
394;3.41379
395;3.57143
396;3.52174
397;3.83871
398;3.80296
399;4.13333
400;3.87179
401;3.94203
402;3.60153
403;3.7874
404;4.12766
405;3.79545
406;3.30303
407;3.43333
408;4.33333
409;3.9037
410;3.92771
411;3.2585
412;4.41355
413;4.42857
414;3.14
415;3.85306
416;3.72414
417;4.05263
418;3.55102
419;4.0
420;4.36066
421;4.22222
422;3.28571
423;2.49123
424;3.73561
425;3.70909
426;3.73023
427;4.2
428;3.82609
429;3.36977
430;3.93333
431;3.65789
432;2.84375
433;3.475
434;4.025
435;3.80992
436;3.83333
437;4.30612
438;3.51773
439;3.86207
440;3.44
441;3.97674
442;3.82078
443;3.78125
444;4.0
445;3.3463
446;4.86667
447;4.82857
448;3.375
449;3.66667
450;4.17391
451;4.51832
452;4.44444
453;3.65722
454;3.2428
455;4.31818
456;3.40136
457;3.71689
458;3.525
459;3.7
460;3.4
461;3.2306
462;3.5641
463;3.0
464;3.66216
465;3.54054
466;4.13978
467;3.27273
468;3.78947
469;4.34091
470;3.80303
471;3.54348
472;4.0
473;4.09524
474;3.37248
475;3.82301
476;3.81748
477;3.6
478;3.85714
479;3.82022
480;3.42708
481;3.71271
482;3.26693
483;3.0
484;3.67857
485;4.025
486;4.10811
487;3.45652
488;3.54545
489;3.33333
490;3.76056
491;3.68
492;3.96667
493;3.83688
494;4.12069
495;3.78571
496;4.26852
497;3.56522
498;3.62264
499;3.95628
500;3.57955
501;3.46552
502;4.09524
503;4.48148
504;3.83019
505;4.22222
506;3.36905
507;3.89189
508;3.32576
509;3.31908
510;3.83721
511;3.69565
512;3.88235
513;3.11348
514;4.21875
515;3.75342
516;2.92509
517;3.94872
518;4.34894
519;3.44186
520;3.96831
521;4.29412
522;3.90909
523;4.05495
524;3.59307
525;4.02703
526;3.84314
527;4.04348
528;3.3447
529;4.18018
530;3.97917
531;3.15167
532;3.77778
533;3.35551
534;3.77174
535;3.52632
536;3.96721
537;4.28409
538;4.45455
539;3.93496
540;3.58065
541;3.17262
542;3.75
543;4.08292
544;3.77778
545;3.48
546;3.19024
547;3.86111
548;3.09615
549;3.74519
550;3.59024
551;3.81905
552;3.76136
553;4.14516
554;3.52632
555;3.82353
556;3.48357
557;3.88889
558;3.67969
559;2.9
560;3.88983
561;3.67742
562;3.7027
563;2.73802
564;4.02083
565;3.45833
566;2.60851
567;4.57576
568;4.52381
569;3.48333
570;3.34247
571;3.71642
572;3.05263
573;3.94118
574;4.05556
575;3.64706
576;3.65455
577;4.44755
578;4.0
579;3.84615
580;3.38095
581;3.65854
582;4.30556
583;4.03659
584;4.35294
585;3.45185
586;4.52941
587;3.01685
588;4.06158
589;4.0
590;4.14103
591;3.25112
592;4.3913
593;3.63158
594;4.26241
595;3.92135
596;2.95
597;4.46296
598;3.36111
599;3.88
600;3.6
601;3.15362
602;3.39855
603;3.58182
604;3.08949
605;4.0
606;4.0
607;4.08696
608;3.17391
609;4.37778
610;3.48182
611;3.94118
612;3.54167
613;3.56566
614;3.86275
615;4.11765
616;3.95
617;4.15789
618;2.86486
619;3.90909
620;3.35294
621;3.0137
622;3.91837
623;4.23718
624;3.69477
625;3.97436
626;4.02899
627;3.5
628;3.91489
629;3.38389
630;4.25234
631;3.75725
632;3.8125
633;3.62857
634;4.16949
635;4.30573
636;4.12987
637;3.78338
638;4.16822
639;3.70699
640;4.26316
641;4.02804
642;4.12
643;2.63934
644;3.14
645;4.46154
646;3.81385
647;3.11682
648;3.72121
649;3.63934
650;3.78125
651;3.58986
652;2.87931
653;4.15
654;3.42614
655;2.71129
656;3.83832
657;3.97917
658;3.08333
659;3.65657
660;3.01095
661;4.64179
662;3.15517
663;3.58696
664;4.01948
665;3.47368
666;3.93258
667;3.13548
668;3.58065
669;3.82723
670;3.3038
671;4.25
672;3.86957
673;3.1264
674;4.25676
675;3.35
676;3.12754
677;3.9
678;3.67821
679;3.90789
680;3.59375
681;4.20588
682;4.74286
683;3.66667
684;3.88235
685;3.25197
686;3.81818
687;3.48123
688;3.74286
689;3.33884
690;4.30769
691;4.17778
692;3.79617
693;3.94828
694;3.69444
695;3.46512
696;3.82514
697;3.82456
698;3.52049
699;3.05383
700;3.96552
701;3.58108
702;3.28604
703;4.1
704;3.03175
705;3.40678
706;3.57343
707;3.6383
708;3.78947
709;2.85526
710;3.42717
711;4.0315
712;3.47809
713;3.44737
714;4.15464
715;3.95238
716;4.21067
717;3.22857
718;3.80952
719;3.375
720;2.91705
721;3.56053
722;3.86
723;3.78947
724;3.65248
725;4.2
726;3.92308
727;3.68444
728;3.29487
729;3.50725
730;3.86957
731;3.77094
732;3.44375
733;4.05405
734;3.71053
735;3.57939
736;3.92
737;3.58763
738;3.2
739;4.34483
740;4.23529
741;3.3662
742;3.92105
743;3.34043
744;3.3694
745;2.52174
746;2.63171
747;3.65517
748;3.98684
749;3.29929
750;4.32609
751;3.81818
752;2.83861
753;3.7641
754;3.8069
755;4.11404
756;3.90909
757;3.23908
758;3.88462
759;3.58696
760;4.24138
761;4.61111
762;3.69767
763;3.7619
764;4.51562
765;3.5884
766;3.97727
767;4.01282
768;4.40909
769;3.83607
770;2.94661
771;3.70833
772;3.54444
773;3.61364
774;3.1699
775;4.15
776;3.76596
777;2.58099
778;3.82119
779;3.36842
780;3.4375
781;3.2
782;3.42857
783;3.51818
784;4.16667
785;3.32979
786;4.05263
787;3.60909
788;3.49451
789;2.93458
790;4.42105
791;3.95681
792;3.46053
793;3.4812
794;3.9
795;3.41791
796;2.99762
797;4.01351
798;3.12131
799;3.60526
800;3.51639
801;3.65169
802;3.93763
803;3.71739
804;3.28571
805;3.83582
806;4.25
807;3.92593
808;3.13655
809;4.03797
810;3.84211
811;4.18644
812;3.72619
813;3.34426
814;3.96429
815;4.11111
816;3.71098
817;4.01385
818;3.74214
819;3.33898
820;3.50526
821;3.05263
822;3.7417
823;3.8785
824;3.64085
825;3.60526
826;3.30303
827;4.0
828;3.47059
829;4.24194
830;3.58
831;4.09259
832;3.55556
833;4.0
834;4.20833
835;2.69231
836;2.47619
837;3.24615
838;4.07362
839;3.99713
840;4.20614
841;3.625
842;3.85294
843;3.93913
844;3.43038
845;3.98039
846;3.86344
847;3.63158
848;4.12
849;3.28182
850;3.54545
851;3.625
852;4.12121
853;3.90476
854;3.02418
855;3.39792
856;3.58333
857;4.2
858;4.18644
859;3.40426
860;3.2
861;3.96053
862;3.64815
863;4.23214
864;4.03077
865;3.8
866;3.36364
867;3.66667
868;3.55714
869;3.52584
870;3.64516
871;3.87179
872;3.60215
873;3.84177
874;3.625
875;4.07595
876;3.84314
877;3.32027
878;4.2
879;4.07692
880;3.50467
881;2.92857
882;4.08333
883;3.48485
884;4.09195
885;4.17857
886;3.58621
887;3.5
888;3.79104
889;2.84222
890;3.97664
891;3.75127
892;3.875
893;3.21
894;4.40909
895;3.91667
896;4.0
897;3.58333
898;4.08696
899;3.51495
900;3.6087
901;3.54839
902;4.30435
903;3.44118
904;3.2987
905;3.8018
906;3.57895
907;3.89474
908;3.28125
909;3.87692
910;3.57718
911;3.86667
912;3.66667
913;3.25
914;4.30909
915;2.79545
916;3.96154
917;4.2
918;2.9845
919;3.91246
920;3.5
921;3.67832
922;3.57278
923;3.68421
924;3.97312
925;3.08475
926;4.26042
927;3.25989
928;4.31915
929;3.69062
930;3.04444
931;4.03268
932;4.53333
933;3.82143
934;2.99113
935;3.50992
936;3.53947
937;3.71779
938;3.78571
939;3.75658
940;3.20833
941;2.28571
942;4.04167
943;4.30137
944;3.80488
945;3.61745
946;4.33333
947;3.05556
948;3.73391
949;3.93275
950;2.94231
951;4.5
952;3.98675
953;4.69143
954;3.75862
955;3.56958
956;4.0
957;4.27124
958;3.95556
959;3.72043
960;3.9661
961;3.65909
962;3.97778
963;3.39633
964;3.71831
965;4.08955
966;3.53333
967;3.60494
968;4.14286
969;4.25
970;3.12426
971;3.36364
972;3.36364
973;3.35678
974;3.75862
975;3.25474
976;3.36538
977;3.74057
978;3.85
979;4.05882
980;3.23577
981;3.35407
982;4.2
983;4.13699
984;3.54414
985;4.22137
986;3.65
987;4.02469
988;3.83333
989;4.65789
990;3.60825
991;3.71429
992;3.48
993;3.34615
994;4.08571
995;3.90476
996;3.9186
997;3.92857
998;4.13934
999;3.2139
1000;4.14667
1001;3.64672
1002;4.13333
1003;4.19231
1004;3.19048
1005;4.1954
1006;3.06977
1007;4.26667
1008;3.84783
1009;3.875
1010;2.46988
1011;3.76471
1012;3.31373
1013;3.80952
1014;3.44444
1015;3.71886
1016;3.82734
1017;3.24
1018;4.15652
1019;3.00474
1020;3.94667
1021;4.69355
1022;3.58915
1023;4.02703
1024;3.68421
1025;3.86207
1026;3.94737
1027;3.85
1028;3.94737
1029;3.23504
1030;3.56688
1031;4.05882
1032;3.88298
1033;3.30682
1034;3.48026
1035;3.90789
1036;4.29787
1037;3.56757
1038;3.91111
1039;2.88889
1040;4.22594
1041;4.33333
1042;2.76744
1043;4.0
1044;3.77519
1045;3.5
1046;3.91667
1047;3.86301
1048;4.05263
1049;3.57143
1050;2.89942
1051;3.45807
1052;4.33846
1053;3.33007
1054;3.92241
1055;3.48649
1056;3.45588
1057;3.71069
1058;3.77813
1059;2.9015
1060;3.36
1061;3.95652
1062;4.47429
1063;4.13187
1064;3.65217
1065;3.68605
1066;3.56757
1067;3.96629
1068;3.76604
1069;2.85897
1070;3.52941
1071;4.42857
1072;4.05155
1073;4.15385
1074;3.4269
1075;4.07895
1076;3.24324
1077;4.01423
1078;4.0367
1079;3.61607
1080;3.72
1081;4.09677
1082;4.33962
1083;2.77273
1084;3.1506
1085;3.69697
1086;3.87633
1087;3.79143
1088;3.33712
1089;4.01471
1090;3.36232
1091;2.6875
1092;4.04255
1093;3.40984
1094;3.63087
1095;3.97143
1096;2.62097
1097;3.46104
1098;4.11538
1099;3.52299
1100;2.20264
1101;3.34029
1102;2.13043
1103;3.51852
1104;3.79167
1105;3.89437
1106;3.76271
1107;3.70833
1108;4.11364
1109;3.01579
1110;4.34884
1111;4.17241
1112;3.42516
1113;3.95035
1114;3.48413
1115;3.15306
1116;3.84444
1117;3.75704
1118;3.62963
1119;3.81461
1120;3.77828
1121;3.94096
1122;3.24272
1123;3.36667
1124;3.75862
1125;3.2205
1126;3.7
1127;3.27966
1128;3.21429
1129;4.12903
1130;3.83529
1131;4.78495
1132;4.33557
1133;3.3871
1134;4.41606
1135;3.79747
1136;3.24528
1137;3.75385
1138;3.64706
1139;3.95122
1140;3.74709
1141;3.35059
1142;3.37917
1143;4.34043
1144;3.75
1145;3.56
1146;2.77168
1147;3.48667
1148;3.77778
1149;3.3038
1150;2.59056
1151;3.77617
1152;2.56338
1153;2.72222
1154;3.33333
1155;3.18824
1156;3.56061
1157;4.27273
1158;3.60656
1159;2.51402
1160;3.01042
1161;3.93103
1162;3.56028
1163;3.67273
1164;3.42317
1165;3.62595
1166;3.3913
1167;3.40984
1168;3.45238
1169;2.8
1170;3.98253
1171;4.2963
1172;3.51741
1173;3.28144
1174;3.13043
1175;4.25
1176;4.12174
1177;4.05634
1178;3.4375
1179;3.63679
1180;4.51429
1181;2.81825
1182;3.39375
1183;3.69822
1184;3.35918
1185;3.6
1186;4.30159
1187;3.46154
1188;4.16667
1189;3.76
1190;4.0
1191;4.24468
1192;4.38462
1193;2.79435
1194;3.31535
1195;3.72727
1196;3.88776
1197;4.25
1198;3.64516
1199;3.61677
1200;3.64865
1201;3.58462
1202;3.53306
1203;3.727
1204;3.48819
1205;3.96154
1206;3.55882
1207;2.4
1208;4.02273
1209;3.41709
1210;3.90909
1211;3.83562
1212;3.87692
1213;4.09524
1214;2.97561
1215;4.05769
1216;3.69948
1217;4.23913
1218;3.48095
1219;3.64706
1220;3.36702
1221;3.96635
1222;3.1875
1223;3.92188
1224;4.04589
1225;4.0
1226;3.21053
1227;3.81119
1228;3.79295
1229;3.96296
1230;3.95556
1231;3.84694
1232;4.22581
1233;3.84
1234;4.25
1235;3.59091
1236;3.34783
1237;3.76923
1238;3.725
1239;3.87059
1240;3.0
1241;4.2337
1242;3.64324
1243;3.65031
1244;3.38776
1245;4.46875
1246;3.54981
1247;3.84375
1248;3.59091
1249;4.09091
1250;4.23529
1251;3.40476
1252;4.06863
1253;3.55882
1254;4.09901
1255;3.77674
1256;4.30769
1257;3.39535
1258;4.25714
1259;4.0
1260;3.79515
1261;3.73743
1262;3.42143
1263;3.11284
1264;3.57473
1265;3.21086
1266;3.34545
1267;3.61935
1268;4.27027
1269;4.17241
1270;3.16667
1271;4.26708
1272;3.51984
1273;3.97756
1274;3.86055
1275;4.44828
1276;4.19118
1277;3.66667
1278;4.11111
1279;2.95706
1280;3.65217
1281;3.45736
1282;4.1
1283;3.34211
1284;3.39871
1285;3.90251
1286;3.46154
1287;3.92308
1288;3.75
1289;4.23529
1290;4.16
1291;3.79842
1292;3.38636
1293;3.38095
1294;3.95197
1295;3.63158
1296;3.87805
1297;3.44105
1298;3.81362
1299;3.76995
1300;3.49351
1301;3.78182
1302;4.33333
1303;3.32428
1304;3.92
1305;4.375
1306;4.14762
1307;4.35
1308;3.62353
1309;3.70833
1310;3.73913
1311;3.48503
1312;3.32609
1313;3.65517
1314;2.77073
1315;4.50588
1316;3.20588
1317;3.6966
1318;2.88235
1319;3.24
1320;4.02941
1321;3.24204
1322;4.11884
1323;3.68613
1324;4.0101
1325;3.96565
1326;3.93939
1327;3.4375
1328;3.49123
1329;3.32011
1330;4.27907
1331;3.99281
1332;3.48387
1333;3.70281
1334;3.92727
1335;3.08602
1336;4.09091
1337;3.83333
1338;4.0431
1339;2.79381
1340;2.15768
1341;2.22667
1342;2.925
1343;4.41036
1344;3.67647
1345;3.69412
1346;3.57692
1347;3.74648
1348;3.82927
1349;4.625
1350;3.71845
1351;4.29412
1352;3.60274
1353;3.05
1354;3.39871
1355;4.10417
1356;2.64819
1357;2.85714
1358;3.18905
1359;3.59091
1360;3.56842
1361;4.15
1362;3.42051
1363;4.36842
1364;4.06122
1365;3.66102
1366;3.50382
1367;3.78061
1368;4.075
1369;3.80163
1370;3.20741
1371;4.25581
1372;3.02128
1373;3.87879
1374;3.90722
1375;3.87719
1376;3.87778
1377;2.79876
1378;4.52632
1379;3.24138
1380;3.32301
1381;3.33333
1382;4.14286
1383;3.32852
1384;3.57895
1385;3.66667
1386;3.96
1387;3.61
1388;4.08511
1389;3.81501
1390;3.87273
1391;3.47423
1392;3.40183
1393;4.09804
1394;3.0
1395;3.83094
1396;3.74691
1397;3.44
1398;3.69697
1399;3.61887
1400;4.16667
1401;4.03704
1402;4.07317
1403;3.85714
1404;2.78878
1405;3.7561
1406;3.6875
1407;4.08075
1408;3.17094
1409;4.21795
1410;4.07812
1411;3.55357
1412;3.42105
1413;3.76829
1414;3.81538
1415;3.69939
1416;3.55
1417;3.5
1418;2.95817
1419;2.66667
1420;3.73359
1421;3.75
1422;3.02134
1423;4.18182
1424;3.42857
1425;3.65778
1426;3.49861
1427;3.63014
1428;4.28571
1429;3.28571
1430;4.20588
1431;3.35
1432;3.5
1433;3.29487
1434;2.40316
1435;3.46667
1436;3.93548
1437;4.53147
1438;3.5122
1439;3.92857
1440;3.36364
1441;3.58889
1442;3.34028
1443;4.27778
1444;3.74074
1445;2.89655
1446;4.48387
1447;3.23681
1448;3.76681
1449;2.80176
1450;3.0
1451;3.91056
1452;4.15
1453;3.61538
1454;3.82353
1455;3.77586
1456;4.05263
1457;3.93929
1458;3.96629
1459;4.2
1460;3.0
1461;3.15909
1462;3.51515
1463;3.60194
1464;3.69388
1465;3.73551
1466;3.63675
1467;3.52381
1468;3.53763
1469;4.14815
1470;2.70229
1471;3.92308
1472;3.61538
1473;2.96396
1474;3.77049
1475;3.91549
1476;3.67742
1477;4.12903
1478;3.90323
1479;4.125
1480;3.43243
1481;4.33708
1482;3.21053
1483;3.09013
1484;3.60142
1485;3.95238
1486;3.5814
1487;3.16216
1488;4.21053
1489;2.44719
1490;4.09202
1491;3.25991
1492;3.2449
1493;3.83333
1494;3.82022
1495;2.61538
1496;2.8777
1497;3.86517
1498;3.80556
1499;4.02609
1500;3.8785
1501;3.71283
1502;3.39496
1503;3.47638
1504;3.64865
1505;3.76014
1506;3.76087
1507;4.21
1508;3.29167
1509;2.95911
1510;3.56667
1511;4.10465
1512;3.29032
1513;4.07576
1514;3.7913
1515;3.66667
1516;3.09363
1517;3.60656
1518;4.52174
1519;3.59494
1520;3.90476
1521;3.23438
1522;3.61194
1523;3.68293
1524;3.70763
1525;3.68421
1526;4.17857
1527;3.20455
1528;4.06557
1529;3.78571
1530;3.85792
1531;3.4
1532;4.15929
1533;3.84286
1534;3.55556
1535;3.96296
1536;4.33333
1537;3.8
1538;3.97701
1539;4.19048
1540;3.81481
1541;4.43478
1542;3.65038
1543;3.44586
1544;3.69481
1545;3.1005
1546;3.73377
1547;4.0082
1548;3.5814
1549;3.47059
1550;3.91667
1551;4.0
1552;3.71861
1553;3.775
1554;3.89286
1555;4.35526
1556;3.21519
1557;3.98077
1558;4.08
1559;3.5625
1560;3.49007
1561;4.02128
1562;2.89189
1563;3.83117
1564;3.14414
1565;3.74419
1566;3.5
1567;3.87368
1568;4.0
1569;4.5625
1570;3.55932
1571;3.96377
1572;3.17949
1573;3.74074
1574;3.59615
1575;3.85106
1576;3.86957
1577;4.12174
1578;4.13333
1579;3.45403
1580;3.55882
1581;3.23684
1582;3.5
1583;3.69388
1584;3.30896
1585;3.59804
1586;4.41192
1587;3.3313
1588;4.23256
1589;3.74713
1590;4.0
1591;4.32872
1592;3.63235
1593;3.04762
1594;3.72993
1595;4.03448
1596;3.65
1597;3.52427
1598;3.51572
1599;3.30862
1600;3.42817
1601;3.86957
1602;4.1619
1603;3.80597
1604;4.21053
1605;3.31257
1606;3.82162
1607;3.156
1608;2.04839
1609;3.42727
1610;3.96296
1611;3.55263
1612;3.68182
1613;3.40715
1614;3.41071
1615;3.05
1616;3.13974
1617;3.0936
1618;4.19512
1619;4.0
1620;3.97143
1621;3.15
1622;3.77273
1623;4.20312
1624;3.01278
1625;3.375
1626;3.4125
1627;2.81395
1628;3.74757
1629;3.53226
1630;2.30841
1631;3.84034
1632;2.78174
1633;2.96667
1634;3.70115
1635;3.79133
1636;2.75333
1637;4.01299
1638;4.20588
1639;3.67535
1640;2.45205
1641;2.69856
1642;3.50685
1643;4.29808
1644;3.04545
1645;4.05417
1646;2.98039
1647;3.24528
1648;3.43262
1649;3.78846
1650;3.665
1651;3.25806
1652;3.25
1653;3.95833
1654;4.42222
1655;3.77108
1656;3.54167
1657;3.83784
1658;3.4072
1659;2.90385
1660;3.92453
1661;3.9697
1662;3.47619
1663;4.11905
1664;3.42105
1665;3.65
1666;3.31944
1667;3.39775
1668;3.92308
1669;3.67857
1670;4.73585
1671;3.83505
1672;3.75676
1673;4.30882
1674;3.68421
1675;3.20583
1676;3.52168
1677;3.65789
1678;3.47368
1679;3.93333
1680;3.56946
1681;4.12264
1682;4.36
1683;3.46012
1684;3.98214
1685;3.55499
1686;3.41667
1687;3.55342
1688;3.59677
1689;3.61345
1690;3.5597
1691;3.55814
1692;4.45745
1693;3.75352
1694;3.72877
1695;3.65896
1696;3.59857
1697;4.2
1698;3.92056
1699;4.31889
1700;3.5814
1701;3.56024
1702;4.52113
1703;4.08696
1704;4.22581
1705;3.66197
1706;3.77778
1707;4.3625
1708;3.95
1709;3.74619
1710;3.5942
1711;3.62963
1712;3.52542
1713;3.33333
1714;3.50403
1715;3.46512
1716;3.44809
1717;3.85533
1718;4.46429
1719;2.75
1720;4.025
1721;2.44118
1722;4.25258
1723;3.66667
1724;4.09722
1725;3.64516
1726;2.35174
1727;4.04412
1728;4.19048
1729;3.05556
1730;3.5
1731;3.39344
1732;4.4
1733;3.54449
1734;4.27536
1735;3.22973
1736;3.21302
1737;3.42031
1738;3.77419
1739;3.76389
1740;4.08621
1741;3.97044
1742;3.71429
1743;3.96471
1744;4.09023
1745;3.6875
1746;4.42667
1747;2.18947
1748;3.46516
1749;2.92205
1750;2.95238
1751;4.61111
1752;3.84224
1753;3.94981
1754;3.04
1755;3.56627
1756;3.11364
1757;3.71884
1758;3.93909
1759;3.69787
1760;3.83333
1761;2.17
1762;3.84286
1763;3.8
1764;4.09481
1765;3.96842
1766;3.16667
1767;3.53986
1768;3.46094
1769;2.66667
1770;3.25301
1771;4.33333
1772;3.41935
1773;3.80702
1774;3.15625
1775;3.72535
1776;3.27865
1777;3.86
1778;3.55758
1779;3.30935
1780;2.96296
1781;3.46535
1782;3.58333
1783;3.65
1784;3.01961
1785;3.125
1786;3.95556
1787;3.33333
1788;3.80645
1789;4.15094
1790;3.87421
1791;3.56716
1792;3.86111
1793;3.37262
1794;2.43341
1795;4.30435
1796;3.96875
1797;4.13291
1798;3.59016
1799;3.50667
1800;3.62555
1801;3.94737
1802;4.06566
1803;3.41339
1804;3.36937
1805;4.10429
1806;4.21891
1807;3.65079
1808;3.51852
1809;3.13208
1810;3.75676
1811;4.03571
1812;3.78437
1813;3.5
1814;3.71111
1815;3.74286
1816;4.14035
1817;3.0
1818;3.61538
1819;3.66355
1820;3.68056
1821;4.03846
1822;3.88136
1823;4.0
1824;3.39189
1825;3.51429
1826;3.62745
1827;3.55319
1828;3.35156
1829;3.16
1830;4.13793
1831;3.51579
1832;3.95
1833;3.32222
1834;4.12069
1835;4.1184
1836;4.15
1837;3.51336
1838;3.12
1839;3.88158
1840;3.90476
1841;2.69951
1842;4.12285
1843;3.69027
1844;3.68421
1845;3.21463
1846;3.98182
1847;4.24324
1848;3.75
1849;3.72727
1850;3.83333
1851;2.68363
1852;3.5
1853;4.12245
1854;2.84685
1855;3.12162
1856;4.68548
1857;4.21622
1858;4.03409
1859;3.5
1860;3.28996
1861;3.33806
1862;4.4
1863;4.52083
1864;3.30435
1865;3.57807
1866;4.07031
1867;3.08
1868;3.70588
1869;3.90698
1870;3.82609
1871;3.7619
1872;3.87097
1873;3.49153
1874;3.60345
1875;3.62583
1876;3.44444
1877;3.17778
1878;3.69231
1879;3.94628
1880;3.35151
1881;4.38
1882;3.77273
1883;3.29695
1884;3.86625
1885;4.17647
1886;3.83333
1887;3.41964
1888;3.61765
1889;3.26667
1890;3.51099
1891;3.556
1892;4.28571
1893;3.8
1894;4.24528
1895;4.03846
1896;4.17801
1897;3.70744
1898;4.04
1899;3.78602
1900;3.65789
1901;4.17037
1902;3.65272
1903;4.03315
1904;3.28931
1905;4.04878
1906;3.70833
1907;3.71429
1908;3.17978
1909;3.55769
1910;3.73333
1911;3.51724
1912;2.49427
1913;4.30769
1914;3.68182
1915;3.55882
1916;3.94366
1917;3.94318
1918;3.04762
1919;3.55102
1920;3.38061
1921;3.32051
1922;3.45202
1923;3.25455
1924;3.12987
1925;3.65957
1926;4.08736
1927;3.95
1928;3.81383
1929;3.6087
1930;3.16724
1931;3.60759
1932;3.63514
1933;3.48276
1934;3.07547
1935;3.5
1936;3.83333
1937;3.15985
1938;3.12658
1939;3.77889
1940;4.65574
1941;3.04288
1942;2.96078
1943;3.61039
1944;3.98276
1945;2.81818
1946;3.87838
1947;4.0
1948;3.0875
1949;4.18478
1950;3.44
1951;3.00862
1952;3.4632
1953;3.78125
1954;3.96899
1955;3.52778
1956;3.11864
1957;3.97917
1958;3.2837
1959;4.50847
1960;3.89163
1961;3.58228
1962;2.67288
1963;4.19481
1964;3.66667
1965;3.1
1966;4.39024
1967;3.52174
1968;2.74138
1969;3.83226
1970;3.69767
1971;4.23333
1972;4.43243
1973;3.77778
1974;3.7666
1975;3.86957
1976;3.91453
1977;3.58333
1978;3.46809
1979;3.09375
1980;3.47703
1981;3.0
1982;3.47794
1983;4.15613
1984;3.5551
1985;3.59864
1986;4.57143
1987;3.63158
1988;3.52182
1989;3.38462
1990;3.875
1991;4.36842
1992;2.91566
1993;3.77778
1994;4.17857
1995;3.91358
1996;4.0
1997;4.08571
1998;3.86646
1999;3.83529
2000;3.78161
2001;3.65854
2002;4.1039
2003;4.32143
2004;3.76923
2005;2.7619
2006;3.8
2007;3.94595
2008;3.95152
2009;4.08333
2010;2.46498
2011;3.83333
2012;2.79781
2013;3.89474
2014;4.26
2015;3.12242
2016;3.98361
2017;3.95327
2018;3.92944
2019;3.58065
2020;3.54067
2021;3.87402
2022;3.82857
2023;3.94094
2024;3.38362
2025;3.63964
2026;3.52062
2027;4.0
2028;3.66667
2029;3.21569
2030;3.98872
2031;3.55502
2032;3.72414
2033;2.55769
2034;4.22581
2035;3.61074
2036;3.91667
2037;3.57895
2038;3.83292
2039;3.58182
2040;3.30952
2041;3.54143
2042;3.07917
2043;2.58333
2044;4.15
2045;3.90909
2046;3.60759
2047;3.6
2048;4.14706
2049;4.125
2050;3.88841
2051;3.42254
2052;2.89655
2053;3.45833
2054;3.41254
2055;4.15909
2056;4.12609
2057;3.83051
2058;3.32967
2059;3.53982
2060;3.13693
2061;4.31579
2062;4.1375
2063;2.94113
2064;3.98701
2065;4.41379
2066;4.0
2067;3.56216
2068;3.97321
2069;3.93846
2070;4.3913
2071;3.40278
2072;4.01579
2073;3.70478
2074;3.51613
2075;3.33333
2076;3.42254
2077;3.20847
2078;3.76087
2079;3.48276
2080;4.18519
2081;3.08889
2082;4.36364
2083;4.36111
2084;4.0
2085;3.656
2086;3.67857
2087;3.40909
2088;3.86352
2089;3.80233
2090;3.77114
2091;4.06202
2092;3.57571
2093;3.50943
2094;4.06061
2095;3.33824
2096;4.18919
2097;3.30189
2098;3.24269
2099;3.57576
2100;3.71223
2101;3.32323
2102;2.66049
2103;3.8875
2104;3.08511
2105;3.20815
2106;2.2543
2107;4.0
2108;4.36364
2109;2.89322
2110;3.25616
2111;3.78947
2112;3.5
2113;3.84091
2114;3.68345
2115;3.83333
2116;3.54983
2117;4.30233
2118;4.51351
2119;3.54217
2120;3.4902
2121;3.68539
2122;3.64583
2123;4.125
2124;4.26252
2125;3.88945
2126;2.825
2127;3.19595
2128;3.83333
2129;3.25387
2130;3.38182
2131;3.39865
2132;2.55556
2133;3.26316
2134;3.6
2135;3.78261
2136;3.91096
2137;4.16667
2138;3.81818
2139;4.16667
2140;3.79167
2141;4.20833
2142;3.44776
2143;3.11538
2144;3.29032
2145;4.04926
2146;3.31522
2147;3.55056
2148;3.89427
2149;3.83333
2150;3.61765
2151;3.25
2152;3.66667
2153;3.87812
2154;3.97727
2155;4.67164
2156;3.3737
2157;3.51111
2158;3.90654
2159;4.4375
2160;3.89474
2161;3.59813
2162;3.92593
2163;4.17241
2164;3.6659
2165;4.09179
2166;3.67513
2167;2.44554
2168;3.96418
2169;3.82857
2170;4.21667
2171;4.43299
2172;3.07212
2173;3.76364
2174;3.60119
2175;4.1118
2176;4.25
2177;3.57609
2178;4.30435
2179;3.27007
2180;2.8496
2181;3.31981
2182;3.71429
2183;3.67742
2184;4.23333
2185;4.27444
2186;3.43704
2187;3.69841
2188;3.07692
2189;3.59375
2190;3.85714
2191;3.12121
2192;3.80357
2193;4.0
2194;2.87755
2195;3.49587
2196;4.0625
2197;4.11765
2198;3.68254
2199;3.09565
2200;3.10448
2201;4.36207
2202;3.25373
2203;4.048
2204;3.43333
2205;3.07559
2206;3.68382
2207;4.21053
2208;3.53942
2209;3.36364
2210;3.74074
2211;3.97091
2212;3.19565
2213;3.65714
2214;4.17568
2215;3.28571
2216;2.92157
2217;3.22222
2218;3.93103
2219;3.68394
2220;4.03571
2221;3.58108
2222;3.55882
2223;3.11523
2224;4.25714
2225;3.33884
2226;3.66667
2227;3.92857
2228;3.92982
2229;3.45946
2230;3.19249
2231;3.66834
2232;4.0493
2233;3.34973
2234;3.9
2235;3.84615
2236;3.67442
2237;3.89926
2238;3.7381
2239;4.07339
2240;4.25263
2241;4.22609
2242;3.65101
2243;4.67308
2244;3.38847
2245;3.04255
2246;3.69799
2247;3.93277
2248;3.7732
2249;3.95238
2250;3.06349
2251;3.65416
2252;3.63158
2253;4.11538
2254;3.96154
2255;3.69136
2256;4.0
2257;3.54545
2258;3.44512
2259;4.45972
2260;3.59091
2261;3.4537
2262;3.65546
2263;3.69907
2264;3.64684
2265;3.63134
2266;4.04396
2267;3.5
2268;4.26087
2269;3.47368
2270;3.40909
2271;4.11184
2272;3.9292
2273;3.83077
2274;3.87879
2275;3.8
2276;4.30612
2277;3.45833
2278;3.36667
2279;3.62402
2280;4.11765
2281;4.08451
2282;4.04167
2283;3.69048
2284;3.91667
2285;3.67391
2286;3.58537
2287;4.4
2288;3.04366
2289;4.0
2290;3.29801
2291;4.02564
2292;3.05263
2293;4.30952
2294;4.12281
2295;4.4
2296;3.30769
2297;4.02857
2298;3.31858
2299;2.89855
2300;3.87755
2301;3.93617
2302;3.6
2303;4.17182
2304;3.72693
2305;3.16667
2306;3.58065
2307;4.38583
2308;4.26786
2309;3.53846
2310;3.87368
2311;3.94737
2312;3.63636
2313;4.42857
2314;3.125
2315;2.975
2316;3.86861
2317;4.16071
2318;2.77049
2319;3.77193
2320;3.32584
2321;3.83333
2322;3.65574
2323;3.67089
2324;4.06667
2325;3.35714
2326;3.90566
2327;3.33333
2328;3.30556
2329;3.38889
2330;2.97059
2331;4.12903
2332;4.04545
2333;3.67241
2334;3.73826
2335;3.73333
2336;4.0
2337;4.18
2338;3.8655
2339;4.95652
2340;4.36438
2341;3.30612
2342;3.82857
2343;4.21212
2344;3.45783
2345;3.7619
2346;3.70492
2347;4.0
2348;3.12834
2349;3.1
2350;3.85981
2351;3.40458
2352;2.6699
2353;3.59659
2354;3.61404
2355;3.50388
2356;3.71429
2357;4.03846
2358;3.9375
2359;3.64706
2360;3.54545
2361;3.58696
2362;3.78261
2363;4.64286
2364;4.22222
2365;4.18421
2366;3.37143
2367;3.75
2368;4.21759
2369;4.40741
2370;4.07143
2371;3.69737
2372;4.38806
2373;4.0
2374;4.12081
2375;3.7037
2376;3.37472
2377;3.9375
2378;3.12393
2379;4.2
2380;3.3515
2381;3.16667
2382;3.75
2383;3.52798
2384;4.10345
2385;3.81818
2386;3.59375
2387;3.81034
2388;4.05556
2389;3.84615
2390;3.97059
2391;3.61538
2392;3.91892
2393;3.90226
2394;3.9403
2395;3.75845
2396;4.03125
2397;3.94444
2398;4.08654
2399;3.77778
2400;3.45652
2401;4.40476
2402;3.31809
2403;3.47337
2404;3.86747
2405;3.83636
2406;3.95349
2407;4.05517
2408;3.78689
2409;3.83607
2410;3.62245
2411;3.46102
2412;3.83333
2413;3.48
2414;4.14078
2415;3.68966
2416;3.8
2417;4.44828
2418;3.07692
2419;3.33058
2420;4.20455
2421;3.82759
2422;4.05263
2423;4.02899
2424;3.28788
2425;3.62069
2426;3.88571
2427;3.89189
2428;3.64103
2429;3.93333
2430;3.2
2431;3.58333
2432;3.84375
2433;3.53571
2434;3.625
2435;3.74107
2436;3.61417
2437;3.525
2438;3.55914
2439;2.88095
2440;3.40909
2441;4.07407
2442;3.81481
2443;3.30435
2444;3.28723
2445;3.54378
2446;3.88462
2447;4.10204
2448;3.87324
2449;3.77273
2450;3.30435
2451;3.06757
2452;4.1
2453;3.5493
2454;3.39711
2455;2.73529
2456;3.15249
2457;3.18065
2458;3.55172
2459;3.76636
2460;4.15217
2461;3.68605
2462;3.51695
2463;3.19588
2464;3.76667
2465;4.29187
2466;2.92614
2467;4.35
2468;4.17797
2469;3.69811
2470;3.27273
2471;3.14706
2472;3.6
2473;3.875
2474;4.23333
2475;4.15152
2476;4.14035
2477;4.45614
2478;3.59375
2479;3.86207
2480;3.86111
2481;3.92683
2482;3.41176
2483;3.90769
2484;3.35787
2485;3.65297
2486;3.8069
2487;3.72727
2488;4.2
2489;3.3895
2490;3.5
2491;2.99048
2492;3.7625
2493;3.57692
2494;2.87879
2495;3.44118
2496;2.98109
2497;4.50442
2498;3.20423
2499;3.6
2500;3.65289
2501;3.88608
2502;3.88889
2503;3.01622
2504;3.55197
2505;4.14286
2506;3.33333
2507;3.92969
2508;3.5614
2509;3.40541
2510;4.52381
2511;4.17857
2512;3.82759
2513;4.09677
2514;4.41379
2515;4.19048
2516;3.77273
2517;3.38636
2518;3.91667
2519;4.09756
2520;4.07143
2521;3.97826
2522;3.70588
2523;4.02542
2524;3.375
2525;3.54386
2526;3.85532
2527;4.05263
2528;3.27273
2529;3.69631
2530;3.76471
2531;3.89286
2532;4.1
2533;3.94068
2534;3.48485
2535;3.96721
2536;3.17308
2537;3.05169
2538;3.82609
2539;3.78947
2540;3.96635
2541;3.31799
2542;3.95455
2543;4.45
2544;3.67267
2545;4.06383
2546;3.35238
2547;4.15079
2548;3.95
2549;3.08696
2550;3.71264
2551;3.27536
2552;3.61842
2553;4.09524
2554;3.97368
2555;3.62411
2556;3.4186
2557;3.62857
2558;3.60465
2559;3.83516
2560;4.15789
2561;3.77465
2562;3.87342
2563;3.0
2564;3.77679
2565;3.69888
2566;3.38174
2567;3.47841
2568;3.3871
2569;3.46512
2570;3.81538
2571;4.11111
2572;4.18657
2573;3.98851
2574;4.59375
2575;3.69811
2576;3.04743
2577;3.15385
2578;4.125
2579;4.14516
2580;3.71014
2581;4.06094
2582;3.95238
2583;4.34528
2584;3.72222
2585;3.65263
2586;4.11111
2587;4.06897
2588;3.75676
2589;3.54545
2590;3.2125
2591;3.76471
2592;3.63591
2593;4.54237
2594;3.08889
2595;3.34
2596;3.75
2597;3.89091
2598;3.83333
2599;3.62381
2600;2.9878
2601;3.85185
2602;3.40741
2603;3.875
2604;3.91525
2605;3.91765
2606;4.17778
2607;4.2037
2608;4.02336
2609;4.30978
2610;3.11111
2611;3.34975
2612;3.1
2613;4.05
2614;4.10714
2615;3.45098
2616;3.57778
2617;3.57895
2618;3.31818
2619;4.19753
2620;3.54054
2621;2.98635
2622;3.97143
2623;3.75
2624;4.14591
2625;3.38462
2626;3.95
2627;3.22398
2628;3.36667
2629;4.0
2630;3.5625
2631;4.25641
2632;3.52778
2633;3.73529
2634;3.95367
2635;3.62
2636;3.82759
2637;3.39216
2638;3.09563
2639;3.83333
2640;3.80952
2641;4.10035
2642;3.96825
2643;3.39655
2644;4.0
2645;3.41569
2646;4.09091
2647;4.27273
2648;3.91089
2649;3.14211
2650;3.75556
2651;3.31731
2652;4.02703
2653;3.60714
2654;4.07527
2655;3.11111
2656;4.075
2657;3.95
2658;3.90323
2659;4.13699
2660;3.63636
2661;3.60674
2662;3.65789
2663;3.69718
2664;3.43658
2665;3.09333
2666;3.85882
2667;3.3871
2668;3.40404
2669;3.76923
2670;3.57708
2671;3.22727
2672;3.61702
2673;4.0
2674;4.12844
2675;3.26829
2676;4.1393
2677;3.83871
2678;3.91892
2679;3.77389
2680;3.28729
2681;3.645
2682;2.72449
2683;4.37118
2684;3.50761
2685;3.58427
2686;2.80952
2687;4.2381
2688;3.47619
2689;4.39796
2690;4.21739
2691;4.48402
2692;3.83051
2693;3.89062
2694;4.46154
2695;4.0
2696;3.38889
2697;4.5
2698;4.02632
2699;4.20652
2700;3.35581
2701;3.23404
2702;2.4
2703;3.70238
2704;4.075
2705;4.05556
2706;4.04167
2707;3.5
2708;3.15152
2709;2.80645
2710;3.22222
2711;2.57143
2712;3.91935
2713;2.68182
2714;3.52632
2715;3.32877
2716;3.7619
2717;3.59091
2718;3.86667
2719;4.19266
2720;3.0
2721;3.8
2722;3.40909
2723;3.46053
2724;3.79365
2725;3.59375
2726;4.61039
2727;3.32927
2728;3.33846
2729;4.45
2730;3.97241
2731;4.26
2732;4.12195
2733;4.40909
2734;3.88785
2735;3.55556
2736;3.73913
2737;3.544
2738;4.40816
2739;3.43333
2740;3.68462
2741;3.9697
2742;2.83838
2743;3.59446
2744;1.32558
2745;3.85946
2746;3.88679
2747;4.32308
2748;2.73064
2749;3.96341
2750;4.29891
2751;3.41463
2752;3.31686
2753;3.77586
2754;3.78261
2755;4.42105
2756;4.04464
2757;3.99145
2758;3.96154
2759;3.66667
2760;4.125
2761;3.51142
2762;4.0
2763;2.79167
2764;4.19497
2765;3.61658
2766;4.10227
2767;3.16667
2768;4.09091
2769;3.78125
2770;4.11364
2771;2.94403
2772;3.64557
2773;4.09589
2774;3.88755
2775;4.30769
2776;3.79567
2777;3.48817
2778;4.21429
2779;3.94231
2780;3.63889
2781;4.23846
2782;3.64286
2783;3.92157
2784;4.08696
2785;3.13194
2786;4.00743
2787;3.93798
2788;4.38739
2789;3.77011
2790;4.27434
2791;4.55556
2792;2.94318
2793;4.07736
2794;3.80451
2795;3.59341
2796;2.475
2797;3.02326
2798;4.1
2799;4.2
2800;3.45783
2801;3.15054
2802;3.64384
2803;3.77551
2804;3.88679
2805;3.93333
2806;3.29167
2807;3.43667
2808;4.07812
2809;4.34694
2810;3.49457
2811;3.70667
2812;3.59633
2813;3.04762
2814;4.07333
2815;3.74
2816;3.80952
2817;4.24359
2818;3.65056
2819;4.0
2820;2.9555
2821;3.57692
2822;3.71667
2823;2.86364
2824;3.91031
2825;3.9604
2826;3.62025
2827;3.27586
2828;4.0
2829;2.94444
2830;3.37975
2831;4.25
2832;4.0
2833;3.41667
2834;4.14286
2835;3.97222
2836;3.4
2837;3.31651
2838;4.48571
2839;3.33333
2840;2.95597
2841;4.1725
2842;3.60759
2843;2.83333
2844;3.32
2845;4.0
2846;3.34375
2847;2.7377
2848;3.32632
2849;4.53237
2850;2.7619
2851;3.6129
2852;4.10484
2853;3.35443
2854;3.08115
2855;2.87879
2856;3.52083
2857;3.15956
2858;3.90909
2859;4.19512
2860;3.92704
2861;3.3
2862;4.0375
2863;3.61111
2864;3.34694
2865;3.69767
2866;3.42021
2867;4.125
2868;3.60335
2869;3.77419
2870;2.84848
2871;3.55556
2872;3.77461
2873;3.56604
2874;3.90526
2875;4.27273
2876;3.75301
2877;3.48889
2878;3.61025
2879;3.91304
2880;3.44534
2881;3.76316
2882;3.36697
2883;2.72662
2884;4.27778
2885;4.08772
2886;3.90361
2887;3.52737
2888;3.44611
2889;3.80791
2890;3.53226
2891;3.35714
2892;3.69048
2893;3.8
2894;3.88889
2895;3.72845
2896;3.57383
2897;3.61321
2898;3.86735
2899;3.93264
2900;4.06071
2901;4.30045
2902;3.86364
2903;4.07353
2904;3.8913
2905;3.70435
2906;3.40385
2907;3.2974
2908;3.85
2909;3.83304
2910;3.51908
2911;3.68421
2912;2.60976
2913;3.95638
2914;4.55738
2915;3.77143
2916;3.69154
2917;3.51562
2918;3.58889
2919;3.76812
2920;3.28571
2921;3.33043
2922;4.56061
2923;4.0
2924;3.97619
2925;3.83333
2926;3.32248
2927;3.78182
2928;3.85302
2929;3.91045
2930;3.45
2931;3.61576
2932;3.95833
2933;3.79464
2934;3.30435
2935;3.42105
2936;4.28846
2937;3.55208
2938;3.85946
2939;3.74809
2940;3.41667
2941;3.47239
2942;4.47414
2943;4.40351
2944;4.1859
2945;3.85965
2946;2.83803
2947;3.73171
2948;4.08
2949;3.81395
2950;3.17188
2951;4.22951
2952;4.20513
2953;3.12821
2954;3.9697
2955;3.22414
2956;3.54545
2957;4.45614
2958;3.0
2959;4.0303
2960;4.06897
2961;3.95238
2962;2.89127
2963;3.97222
2964;4.55263
2965;3.59259
2966;4.08021
2967;3.4824
2968;3.82166
2969;3.71242
2970;4.2619
2971;3.8125
2972;3.48701
2973;3.41379
2974;4.27119
2975;4.21277
2976;3.61832
2977;3.31579
2978;3.78981
2979;3.97674
2980;3.54622
2981;4.29167
2982;3.7619
2983;4.35849
2984;3.71429
2985;3.5509
2986;3.42902
2987;3.66
2988;3.10526
2989;3.71875
2990;3.9751
2991;3.92593
2992;3.26829
2993;3.80263
2994;3.25146
2995;3.86174
2996;3.1484
2997;4.03947
2998;3.62222
2999;2.864
3000;3.27778
3001;3.98529
3002;4.22963
3003;3.88
3004;3.83636
3005;3.82692
3006;4.14583
3007;2.85648
3008;3.90323
3009;4.04762
3010;3.46809
3011;4.3253
3012;2.52041
3013;3.43578
3014;3.60265
3015;3.42857
3016;3.83784
3017;3.27795
3018;3.70144
3019;4.24
3020;4.02649
3021;3.21053
3022;3.0
3023;3.5
3024;3.60199
3025;4.13433
3026;2.80192
3027;4.21739
3028;3.73333
3029;3.90571
3030;3.77273
3031;3.89427
3032;4.28867
3033;3.53719
3034;4.07692
3035;3.79452
3036;4.52427
3037;4.23214
3038;4.0
3039;4.39286
3040;3.54545
3041;3.51613
3042;3.84375
3043;2.77273
3044;4.02105
3045;4.29323
3046;3.34328
3047;3.62903
3048;3.98361
3049;4.27941
3050;3.71667
3051;3.27371
3052;3.21053
3053;3.22414
3054;3.52192
3055;3.46154
3056;3.64435
3057;3.45752
3058;3.67669
3059;3.975
3060;3.52941
3061;4.06897
3062;3.27586
3063;3.7069
3064;4.17073
3065;3.81423
3066;3.95181
3067;3.77181
3068;3.75
3069;2.93532
3070;3.97059
3071;3.07692
3072;3.36508
3073;4.56604
3074;4.29412
3075;3.61017
3076;3.80952
3077;3.85075
3078;4.06667
3079;3.94872
3080;3.84554
3081;4.03226
3082;3.38272
3083;3.8046
3084;3.7
3085;4.19658
3086;4.16832
3087;3.90602
3088;4.0
3089;4.32653
3090;3.73214
3091;3.72131
3092;3.95455
3093;3.75904
3094;3.60526
3095;3.91975
3096;4.12069
3097;3.5283
3098;3.35366
3099;3.25
3100;4.2
3101;4.15063
3102;3.43333
3103;4.10526
3104;3.92308
3105;4.0
3106;4.26667
3107;3.56716
3108;3.69231
3109;3.59615
3110;3.62082
3111;3.27523
3112;3.40206
3113;3.67391
3114;3.38298
3115;3.36667
3116;3.57333
3117;4.32353
3118;3.55058
3119;3.35443
3120;3.59375
3121;3.46154
3122;3.07692
3123;3.53425
3124;3.3913
3125;3.70064
3126;3.81081
3127;4.08108
3128;3.52778
3129;3.23725
3130;3.65625
3131;3.38028
3132;3.42308
3133;3.25
3134;3.57778
3135;4.0531
3136;4.25714
3137;3.42553
3138;3.31892
3139;4.09259
3140;3.90785
3141;4.07018
3142;4.05814
3143;3.3401
3144;3.5
3145;3.73196
3146;3.75439
3147;3.5
3148;3.69231
3149;4.15385
3150;3.93846
3151;4.16561
3152;3.03704
3153;3.65789
3154;3.75294
3155;4.02632
3156;3.38333
3157;3.56757
3158;3.91176
3159;4.01408
3160;4.2381
3161;4.125
3162;2.86486
3163;3.92602
3164;3.53571
3165;3.68
3166;3.94444
3167;4.03571
3168;3.38462
3169;3.77586
3170;3.89706
3171;4.12069
3172;3.62766
3173;4.25301
3174;3.63291
3175;4.11538
3176;3.36842
3177;4.125
3178;2.77202
3179;3.08696
3180;2.87723
3181;4.31818
3182;3.06151
3183;3.31429
3184;3.77778
3185;3.95294
3186;3.76923
3187;4.28
3188;4.2
3189;3.19579
3190;3.94286
3191;3.15467
3192;4.32836
3193;3.15607
3194;3.6875
3195;3.50838
3196;3.21864
3197;3.34188
3198;4.09091
3199;3.44565
3200;3.76923
3201;4.07617
3202;3.42748
3203;4.04762
3204;4.35556
3205;3.42657
3206;3.6129
3207;4.12222
3208;3.33918
3209;2.06977
3210;4.56618
3211;4.05376
3212;2.78261
3213;3.68254
3214;4.22581
3215;3.20588
3216;3.3266
3217;3.85061
3218;3.47458
3219;3.72727
3220;3.8125
3221;4.25
3222;3.52941
3223;3.52727
3224;3.79822
3225;3.66667
3226;4.36207
3227;3.70126
3228;3.80986
3229;3.37222
3230;3.85612
3231;4.12766
3232;3.04839
3233;4.05755
3234;3.8
3235;4.17143
3236;3.04762
3237;3.9
3238;4.45161
3239;3.48485
3240;3.30986
3241;3.68627
3242;3.59694
3243;3.85294
3244;4.13043
3245;2.53521
3246;3.30047
3247;3.83333
3248;3.56757
3249;3.77778
3250;3.27826
3251;4.5
3252;2.93939
3253;3.8
3254;3.5
3255;3.70732
3256;4.08
3257;4.32877
3258;3.74286
3259;4.03297
3260;3.91304
3261;3.24308
3262;3.3875
3263;3.93
3264;2.77778
3265;2.84615
3266;4.37594
3267;3.81111
3268;3.85714
3269;3.84416
3270;3.66355
3271;3.80719
3272;3.77513
3273;4.125
3274;3.26901
3275;3.55
3276;3.07143
3277;4.09924
3278;3.84091
3279;2.69697
3280;2.78983
3281;3.98286
3282;4.5
3283;3.61261
3284;4.27778
3285;3.42096
3286;4.25
3287;4.61111
3288;3.64
3289;3.875
3290;2.70625
3291;3.94118
3292;4.02479
3293;3.225
3294;4.05618
3295;3.77941
3296;4.38806
3297;3.23478
3298;4.46429
3299;4.0625
3300;3.97859
3301;3.71223
3302;3.46914
3303;4.43478
3304;4.14474
3305;4.26596
3306;4.63043
3307;3.66667
3308;3.21613
3309;3.66129
3310;4.13333
3311;2.78055
3312;2.99833
3313;3.61111
3314;4.01967
3315;4.02469
3316;4.0
3317;3.95192
3318;4.19355
3319;3.44828
3320;3.1165
3321;4.02597
3322;4.23913
3323;3.86364
3324;4.9
3325;2.45833
3326;3.83333
3327;3.5
3328;3.49798
3329;3.51181
3330;3.83333
3331;3.57576
3332;3.1
3333;3.55932
3334;3.97727
3335;4.07407
3336;2.74836
3337;3.70588
3338;3.94444
3339;4.0641
3340;3.97115
3341;3.98551
3342;3.35185
3343;4.15556
3344;4.37037
3345;3.58594
3346;3.80383
3347;4.35714
3348;4.02273
3349;3.6963
3350;4.28571
3351;3.96429
3352;3.48889
3353;3.9122
3354;2.96667
3355;3.96875
3356;4.42466
3357;4.11667
3358;3.84615
3359;3.4
3360;3.4717
3361;3.82069
3362;3.55385
3363;3.54587
3364;3.64706
3365;4.14687
3366;3.84
3367;4.25776
3368;3.52564
3369;3.96667
3370;3.38462
3371;3.45598
3372;4.37037
3373;3.67857
3374;3.94949
3375;3.70833
3376;3.27778
3377;4.01307
3378;3.56279
3379;3.8
3380;3.74641
3381;3.48148
3382;3.4
3383;3.6087
3384;3.61607
3385;3.1875
3386;3.74453
3387;3.35484
3388;3.63158
3389;2.82136
3390;4.19231
3391;3.72192
3392;3.75862
3393;3.56846
3394;3.89078
3395;3.68627
3396;3.95238
3397;4.0
3398;3.62745
3399;3.54861
3400;4.01523
3401;2.95538
3402;3.86513
3403;4.13661
3404;3.90909
3405;4.125
3406;4.0
3407;3.5
3408;3.7963
3409;4.2
3410;3.22687
3411;2.74921
3412;4.125
3413;4.14407
3414;4.11481
3415;3.99333
3416;3.56512
3417;3.86905
3418;3.76166
3419;4.03774
3420;4.31343
3421;4.31818
3422;2.68451
3423;3.94326
3424;4.19403
3425;3.57466
3426;4.01835
3427;3.77419
3428;4.05988
3429;3.6129
3430;3.42049
3431;3.83333
3432;3.2963
3433;3.01235
3434;3.65031
3435;3.78814
3436;3.82486
3437;4.45455
3438;3.48611
3439;4.08642
3440;4.25926
3441;2.89384
3442;3.42529
3443;3.95455
3444;3.07921
3445;3.88722
3446;4.41379
3447;3.8642
3448;3.56522
3449;4.16667
3450;3.6092
3451;3.875
3452;4.46053
3453;3.38007
3454;3.52108
3455;3.95238
3456;4.43396
3457;3.5411
3458;4.02597
3459;3.80769
3460;4.27273
3461;4.67647
3462;3.28963
3463;3.79412
3464;3.62069
3465;3.84615
3466;4.16216
3467;4.06
3468;3.96429
3469;3.88498
3470;3.6962
3471;3.15446
3472;3.95652
3473;4.0
3474;4.44385
3475;3.00909
3476;2.61957
3477;3.92188
3478;3.43077
3479;3.57831
3480;3.74419
3481;3.97561
3482;3.76562
3483;3.8092
3484;2.99451
3485;4.26667
3486;4.06593
3487;3.49141
3488;2.80952
3489;2.87755
3490;3.88426
3491;3.83994
3492;3.90741
3493;3.55405
3494;3.5625
3495;3.28571
3496;3.73913
3497;4.18605
3498;3.75472
3499;3.45906
3500;3.67857
3501;4.18182
3502;4.41379
3503;4.11364
3504;3.50505
3505;3.62366
3506;4.33929
3507;3.25414
3508;3.60606
3509;2.98374
3510;3.68254
3511;3.88462
3512;3.58933
3513;3.39298
3514;3.97059
3515;3.90426
3516;3.31293
3517;3.87037
3518;3.77434
3519;3.05333
3520;3.71648
3521;3.7931
3522;4.05
3523;3.82051
3524;3.53571
3525;3.44304
3526;2.83028
3527;3.54286
3528;2.61
3529;3.05238
3530;3.84211
3531;4.24286
3532;3.87
3533;3.58228
3534;4.04255
3535;3.96552
3536;3.73718
3537;2.49057
3538;3.78808
3539;4.03992
3540;4.0914
3541;4.24242
3542;3.18182
3543;3.59375
3544;4.4
3545;3.41667
3546;3.39788
3547;3.54867
3548;2.53846
3549;3.90909
3550;3.52025
3551;3.92941
3552;3.16667
3553;4.07143
3554;3.64286
3555;3.11864
3556;3.89216
3557;3.8324
3558;4.32103
3559;4.42647
3560;4.47154
3561;3.95378
3562;3.37321
3563;3.81053
3564;3.22963
3565;3.18321
3566;3.86667
3567;3.90625
3568;3.93478
3569;2.93434
3570;3.2
3571;3.41935
3572;4.27273
3573;3.45161
3574;3.63804
3575;3.33333
3576;3.334
3577;3.76389
3578;3.35656
3579;3.32677
3580;4.01515
3581;3.27273
3582;3.625
3583;4.17241
3584;3.06557
3585;3.70082
3586;3.38
3587;4.33333
3588;4.06404
3589;2.47484
3590;4.15789
3591;3.70652
3592;4.39482
3593;3.33929
3594;3.40278
3595;4.10714
3596;4.66957
3597;3.97143
3598;1.0
3599;3.44099
3600;3.73837
3601;4.11972
3602;3.67089
3603;2.84314
3604;4.52381
3605;3.88785
3606;4.09677
3607;3.41453
3608;3.79121
3609;3.14173
3610;2.33072
3611;4.03846
3612;3.66497
3613;3.89394
3614;3.25874
3615;3.43312
3616;3.9
3617;3.75
3618;3.00663
3619;3.67021
3620;2.95573
3621;3.08659
3622;3.90141
3623;3.52632
3624;3.9697
3625;3.28804
3626;3.59767
3627;3.625
3628;3.48276
3629;4.21429
3630;3.29167
3631;3.86486
3632;3.37037
3633;3.94118
3634;3.08696
3635;4.2027
3636;3.66667
3637;2.875
3638;3.53636
3639;3.06494
3640;3.95455
3641;3.64877
3642;2.73333
3643;3.4951
3644;4.05
3645;3.83871
3646;4.11538
3647;3.83333
3648;3.02496
3649;4.28261
3650;3.55494
3651;3.94397
3652;3.41245
3653;4.25253
3654;3.27953
3655;3.62963
3656;2.98649
3657;4.14286
3658;3.97521
3659;4.19767
3660;3.74074
3661;3.9115
3662;3.025
3663;3.45122
3664;3.04202
3665;3.85052
3666;4.175
3667;3.89583
3668;3.91429
3669;3.21772
3670;3.60345
3671;4.2043
3672;3.34555
3673;3.88442
3674;3.71084
3675;3.49093
3676;3.61053
3677;3.96947
3678;3.19048
3679;3.51917
3680;3.8
3681;3.85575
3682;4.43902
3683;3.11215
3684;4.27778
3685;4.09964
3686;4.43478
3687;3.0479
3688;4.46715
3689;3.0
3690;2.92011
3691;3.65704
3692;4.01493
3693;3.41894
3694;3.98
3695;4.01071
3696;3.95714
3697;4.0
3698;2.9604
3699;4.62963
3700;3.98333
3701;3.68831
3702;3.77778
3703;3.45455
3704;4.42347
3705;3.71546
3706;4.06944
3707;3.83673
3708;3.84848
3709;3.27797
3710;3.85246
3711;4.1625
3712;3.60656
3713;3.75
3714;3.05556
3715;3.7301
3716;3.59091
3717;3.77491
3718;3.61382
3719;3.81818
3720;3.44898
3721;3.69421
3722;4.0
3723;4.28571
3724;3.51224
3725;3.63636
3726;3.46026
3727;3.23389
3728;3.91071
3729;3.80196
3730;3.61538
3731;2.72807
3732;3.36842
3733;3.80374
3734;3.04255
3735;3.62172
3736;3.56637
3737;3.90909
3738;4.60714
3739;3.57143
3740;4.29545
3741;3.58678
3742;3.75862
3743;3.58065
3744;4.06897
3745;3.29891
3746;3.7837
3747;4.0
3748;3.67742
3749;3.69159
3750;3.44737
3751;3.35405
3752;3.42169
3753;3.77273
3754;3.71277
3755;4.54545
3756;3.88064
3757;4.29775
3758;3.14583
3759;4.04255
3760;3.78966
3761;4.20382
3762;2.51064
3763;3.85827
3764;3.92
3765;4.0
3766;3.08036
3767;3.2
3768;3.36068
3769;4.27249
3770;4.0081
3771;2.66125
3772;3.86047
3773;3.42249
3774;4.03922
3775;3.7907
3776;3.89744
3777;3.61538
3778;2.69444
3779;3.65306
3780;4.24364
3781;4.4386
3782;4.05172
3783;3.85714
3784;3.76316
3785;3.15152
3786;4.06452
3787;4.05263
3788;3.63636
3789;4.24812
3790;4.26724
3791;3.40517
3792;3.5625
3793;2.71074
3794;3.075
3795;4.20833
3796;4.02874
3797;3.30435
3798;3.62963
3799;4.02655
3800;3.51613
3801;3.84252
3802;3.25
3803;3.63636
3804;3.5988
3805;3.875
3806;2.98
3807;3.30734
3808;2.99437
3809;4.39535
3810;4.4
3811;3.81633
3812;3.56311
3813;4.45312
3814;3.54545
3815;4.35
3816;3.94483
3817;3.47059
3818;4.04545
3819;4.0283
3820;4.39535
3821;2.92342
3822;3.39766
3823;3.93772
3824;2.99891
3825;3.02434
3826;4.0
3827;3.80702
3828;3.91892
3829;2.99202
3830;4.03252
3831;3.41071
3832;4.17526
3833;3.64336
3834;4.25832
3835;4.46988
3836;3.35394
3837;3.80328
3838;3.25
3839;3.3253
3840;4.14754
3841;3.34358
3842;3.6913
3843;2.7377
3844;4.10256
3845;4.13433
3846;3.98485
3847;2.7732
3848;4.18571
3849;3.14286
3850;3.85593
3851;3.11842
3852;4.47059
3853;4.23759
3854;4.01351
3855;3.7033
3856;4.025
3857;3.83673
3858;4.26897
3859;3.41053
3860;3.66225
3861;4.02703
3862;3.72414
3863;3.73913
3864;4.54011
3865;2.86792
3866;3.68831
3867;4.05
3868;3.43673
3869;2.88636
3870;4.0
3871;3.32075
3872;4.48889
3873;3.72464
3874;3.90385
3875;3.71429
3876;3.60976
3877;4.35
3878;3.94305
3879;3.34091
3880;3.41667
3881;3.61333
3882;3.71728
3883;3.22222
3884;2.7901
3885;3.69835
3886;3.60811
3887;3.3468
3888;3.68657
3889;4.25833
3890;4.17647
3891;4.17021
3892;3.36697
3893;2.5625
3894;3.77931
3895;3.30645
3896;3.13043
3897;4.11765
3898;3.74737
3899;3.60417
3900;3.59897
3901;3.52941
3902;4.89474
3903;3.32484
3904;3.91304
3905;3.93056
3906;3.61667
3907;3.61702
3908;3.66897
3909;3.36232
3910;3.60417
3911;3.63636
3912;4.51685
3913;3.63758
3914;3.57
3915;3.77273
3916;3.91667
3917;3.71429
3918;3.28
3919;4.11111
3920;4.09259
3921;3.89062
3922;2.81529
3923;3.77083
3924;3.97059
3925;3.94505
3926;3.98276
3927;3.96454
3928;3.125
3929;3.03894
3930;4.23333
3931;3.48571
3932;3.88889
3933;3.82609
3934;2.58699
3935;3.375
3936;4.375
3937;4.26154
3938;4.16049
3939;3.65
3940;3.6456
3941;3.0
3942;2.66974
3943;4.22222
3944;3.53191
3945;3.40082
3946;3.7459
3947;4.15217
3948;3.3913
3949;3.85075
3950;3.21875
3951;3.59777
3952;3.85185
3953;3.62264
3954;3.48649
3955;3.45652
3956;3.87097
3957;3.86728
3958;3.65278
3959;2.69565
3960;4.17857
3961;3.48558
3962;3.5082
3963;4.01432
3964;3.85
3965;3.85606
3966;3.76087
3967;2.72816
3968;3.73684
3969;3.47368
3970;3.33624
3971;3.47093
3972;3.65
3973;3.60241
3974;3.88496
3975;3.66667
3976;3.61511
3977;3.96
3978;4.40336
3979;4.10465
3980;2.87879
3981;3.53234
3982;3.58442
3983;3.40496
3984;3.7069
3985;3.57475
3986;3.89583
3987;3.17073
3988;3.64516
3989;3.98522
3990;3.97183
3991;3.45455
3992;3.80203
3993;3.11621
3994;4.0355
3995;3.63043
3996;4.08738
3997;3.5122
3998;2.88136
3999;3.13588
4000;3.83607
4001;3.38287
4002;3.81132
4003;3.80488
4004;2.62069
4005;3.80841
4006;3.57732
4007;2.87321
4008;2.78261
4009;2.9078
4010;3.58333
4011;3.52083
4012;3.52273
4013;2.87879
4014;3.71429
4015;3.58696
4016;2.9936
4017;3.44444
4018;3.63971
4019;3.91304
4020;3.41026
4021;3.80344
4022;3.05946
4023;3.16883
4024;3.15487
4025;3.92308
4026;3.37184
4027;4.35556
4028;3.47541
4029;3.89706
4030;3.48182
4031;4.08511
4032;4.32353
4033;3.78388
4034;4.2766
4035;4.02
4036;3.44643
4037;3.80851
4038;4.0
4039;3.91304
4040;3.01765
4041;3.31586
4042;3.34856
4043;3.66116
4044;4.17857
4045;3.525
4046;3.51515
4047;4.30233
4048;3.75483
4049;3.28152
4050;4.31373
4051;2.91398
4052;4.24138
4053;3.45759
4054;3.65568
4055;2.87733
4056;2.38095
4057;3.47222
4058;3.43848
4059;3.17073
4060;3.86726
4061;3.22857
4062;3.39446
4063;3.89091
4064;3.07978
4065;4.3
4066;3.1573
4067;2.93151
4068;4.16667
4069;3.85714
4070;3.625
4071;3.92
4072;3.71489
4073;3.71429
4074;3.96
4075;3.79592
4076;4.0
4077;3.87745
4078;3.36214
4079;3.78535
4080;4.18421
4081;3.97872
4082;3.95726
4083;2.95785
4084;4.35669
4085;3.61325
4086;4.4863
4087;2.98039
4088;3.29589
4089;3.75078
4090;3.78307
4091;3.45745
4092;4.14706
4093;4.37762
4094;4.15638
4095;3.875
4096;3.33486
4097;3.76
4098;3.82692
4099;3.75207
4100;4.15385
4101;3.63218
4102;2.77381
4103;3.49624
4104;3.50704
4105;2.71186
4106;3.125
4107;4.02548
4108;4.33333
4109;3.43478
4110;4.35294
4111;3.6087
4112;4.07095
4113;3.58065
4114;3.79891
4115;3.82505
4116;3.79525
4117;4.07143
4118;4.05319
4119;3.59091
4120;3.39535
4121;3.89076
4122;3.55363
4123;3.32979
4124;3.41901
4125;2.825
4126;3.51524
4127;3.8481
4128;3.95238
4129;3.96429
4130;3.69388
4131;4.0
4132;3.875
4133;3.12
4134;3.58095
4135;4.22951
4136;4.51429
4137;3.89873
4138;3.91228
4139;3.72293
4140;3.17594
4141;3.84834
4142;3.09091
4143;4.36842
4144;3.3209
4145;4.125
4146;4.12
4147;4.34545
4148;3.85227
4149;3.96078
4150;3.29213
4151;3.66667
4152;3.65068
4153;3.72
4154;4.42857
4155;3.55932
4156;3.77839
4157;3.28
4158;3.85714
4159;4.05
4160;3.24528
4161;2.54634
4162;4.08621
4163;3.4
4164;3.72414
4165;3.74
4166;3.91304
4167;3.66914
4168;4.37234
4169;3.54793
4170;3.81081
4171;3.52344
4172;4.48485
4173;3.93878
4174;4.05263
4175;3.94318
4176;4.61905
4177;4.33083
4178;3.84211
4179;4.48299
4180;3.40789
4181;3.13043
4182;4.19512
4183;2.9
4184;3.19231
4185;3.31818
4186;2.83639
4187;4.53968
4188;3.175
4189;4.5625
4190;3.26966
4191;4.04167
4192;2.94444
4193;3.62025
4194;4.05556
4195;4.34091
4196;3.62069
4197;4.2381
4198;3.875
4199;3.86667
4200;3.97826
4201;4.26087
4202;3.61905
4203;3.93233
4204;4.39906
4205;3.46154
4206;4.34884
4207;4.24444
4208;4.06818
4209;3.61905
4210;3.69231
4211;3.0
4212;3.67647
4213;4.06162
4214;3.86111
4215;4.0188
4216;4.0
4217;4.02
4218;3.64835
4219;3.83333
4220;3.52511
4221;4.17647
4222;3.97321
4223;3.37063
4224;3.87975
4225;3.66949
4226;3.75758
4227;2.70525
4228;3.90476
4229;3.62712
4230;3.95
4231;3.38636
4232;3.78
4233;3.7438
4234;3.90667
4235;3.74107
4236;4.04762
4237;3.88182
4238;3.44079
4239;4.07937
4240;3.91667
4241;4.03371
4242;3.82787
4243;4.06923
4244;3.5
4245;3.59036
4246;3.9
4247;3.10294
4248;3.81429
4249;3.23711
4250;3.91639
4251;3.58696
4252;3.29897
4253;3.42722
4254;4.36364
4255;4.07692
4256;3.8
4257;3.27419
4258;3.71074
4259;3.68421
4260;3.13103
4261;3.19277
4262;3.62857
4263;3.64706
4264;4.25
4265;3.8617
4266;3.21311
4267;3.41935
4268;3.27273
4269;3.77561
4270;3.42857
4271;2.99167
4272;3.45631
4273;4.63333
4274;2.8963
4275;3.75
4276;3.79487
4277;4.12909
4278;4.0303
4279;3.37528
4280;3.5
4281;3.58115
4282;3.60714
4283;3.87037
4284;2.74101
4285;3.76681
4286;3.60112
4287;3.76015
4288;4.07692
4289;3.87075
4290;3.98
4291;3.54974
4292;3.24719
4293;4.33333
4294;3.10791
4295;2.2973
4296;3.72414
4297;4.2766
4298;4.25301
4299;4.06522
4300;3.44444
4301;4.10811
4302;3.88158
4303;3.66066
4304;4.18182
4305;3.71815
4306;3.59494
4307;3.67742
4308;3.24731
4309;3.80992
4310;3.9145
4311;2.94118
4312;3.27004
4313;4.06818
4314;3.80645
4315;3.97101
4316;3.44118
4317;3.57778
4318;3.84112
4319;3.77778
4320;4.24
4321;3.96
4322;3.43935
4323;3.568
4324;4.36667
4325;3.10526
4326;3.64516
4327;4.11486
4328;3.65556
4329;3.45223
4330;3.66667
4331;3.72727
4332;3.64706
4333;4.02614
4334;3.55862
4335;3.40045
4336;3.99115
4337;4.03879
4338;3.3871
4339;3.63333
4340;3.7619
4341;3.55556
4342;4.27
4343;3.18557
4344;3.34775
4345;3.50364
4346;3.66667
4347;3.55556
4348;4.04762
4349;2.04348
4350;3.81538
4351;3.94156
4352;3.48268
4353;3.64957
4354;3.6042
4355;3.53488
4356;3.62821
4357;4.175
4358;3.96429
4359;3.55263
4360;2.57826
4361;4.16393
4362;2.93162
4363;4.31214
4364;3.22527
4365;2.44444
4366;3.45714
4367;3.50467
4368;3.71429
4369;3.71429
4370;3.64815
4371;3.59836
4372;4.13043
4373;4.09191
4374;4.30252
4375;4.05763
4376;3.7963
4377;3.62275
4378;3.13158
4379;3.09412
4380;3.69466
4381;3.39241
4382;2.8617
4383;3.36842
4384;4.00755
4385;3.23077
4386;3.59561
4387;3.11063
4388;3.81667
4389;3.30252
4390;3.08527
4391;3.66667
4392;3.3913
4393;3.88235
4394;3.55172
4395;3.33333
4396;3.72727
4397;3.42373
4398;4.21053
4399;3.12903
4400;4.13636
4401;3.65405
4402;3.67742
4403;3.98718
4404;3.09275
4405;4.48718
4406;3.97887
4407;3.25822
4408;3.76065
4409;3.6699
4410;4.08
4411;3.91297
4412;3.45833
4413;4.0
4414;3.21951
4415;3.54688
4416;4.03247
4417;3.62626
4418;3.89046
4419;3.31579
4420;4.0
4421;3.3
4422;3.50966
4423;4.23077
4424;4.36667
4425;3.21718
4426;3.65079
4427;3.57895
4428;3.56061
4429;3.80488
4430;2.57621
4431;3.475
4432;4.0678
4433;3.79452
4434;3.69048
4435;3.59574
4436;3.58654
4437;2.82667
4438;3.48428
4439;3.27778
4440;3.76543
4441;3.03571
4442;3.38298
4443;3.02703
4444;3.66667
4445;2.77778
4446;3.14248
4447;3.07821
4448;4.1757
4449;4.0884
4450;2.75342
4451;2.88889
4452;3.68681
4453;3.10417
4454;2.63889
4455;3.71111
4456;3.9527
4457;4.27979
4458;3.32626
4459;3.68824
4460;3.34586
4461;4.4058
4462;3.14815
4463;4.0
4464;3.31579
4465;3.49351
4466;3.79464
4467;3.44578
4468;4.06494
4469;4.03333
4470;4.12811
4471;3.59627
4472;3.42825
4473;3.36623
4474;4.125
4475;3.95455
4476;3.59444
4477;3.37313
4478;3.30846
4479;3.81132
4480;3.17815
4481;3.29508
4482;3.8014
4483;3.17241
4484;4.05328
4485;3.33846
4486;1.06383
4487;3.55172
4488;2.78413
4489;4.03937
4490;3.53448
4491;3.77647
4492;3.83333
4493;2.24444
4494;4.16418
4495;4.12903
4496;3.81176
4497;3.76638
4498;3.08219
4499;4.06742
4500;2.92308
4501;3.92308
4502;3.90698
4503;4.08571
4504;4.33333
4505;4.20988
4506;3.95052
4507;4.38095
4508;3.08288
4509;3.91489
4510;2.82582
4511;4.2
4512;3.84768
4513;3.84375
4514;3.38298
4515;4.38095
4516;4.375
4517;3.03618
4518;4.58333
4519;3.69231
4520;3.7821
4521;3.81308
4522;3.35294
4523;3.47802
4524;3.31128
4525;4.0
4526;3.6
4527;3.84211
4528;3.31481
4529;3.83333
4530;3.62963
4531;3.43556
4532;4.01709
4533;3.8125
4534;3.65714
4535;4.0
4536;4.23333
4537;3.875
4538;3.11429
4539;1.84404
4540;3.69231
4541;2.59854
4542;3.82143
4543;3.28527
4544;3.95455
4545;3.95455
4546;4.12766
4547;2.88235
4548;3.0
4549;3.4
4550;3.48148
4551;3.98649
4552;3.63208
4553;3.2
4554;3.6
4555;3.35065
4556;3.43842
4557;3.7125
4558;4.26316
4559;4.23077
4560;3.57414
4561;3.91919
4562;3.6087
4563;4.35135
4564;4.0
4565;4.0
4566;3.57576
4567;4.075
4568;3.58929
4569;3.66234
4570;3.42424
4571;3.92708
4572;3.93893
4573;3.70548
4574;3.56818
4575;2.0
4576;4.0
4577;3.26582
4578;3.73559
4579;3.66614
4580;3.93701
4581;3.64384
4582;4.21429
4583;3.52174
4584;4.57895
4585;3.83108
4586;4.08696
4587;2.76923
4588;3.89474
4589;4.6129
4590;3.76744
4591;3.23148
4592;3.35096
4593;3.36201
4594;4.03333
4595;4.58571
4596;3.30481
4597;3.25
4598;3.77778
4599;4.04444
4600;3.64069
4601;3.57627
4602;3.49275
4603;3.76471
4604;3.02778
4605;3.18033
4606;3.47826
4607;3.89325
4608;3.76812
4609;3.01224
4610;3.14085
4611;3.26331
4612;3.58974
4613;4.03846
4614;3.95238
4615;3.54887
4616;3.90625
4617;3.16176
4618;3.51429
4619;3.42657
4620;3.8843
4621;3.45714
4622;3.5
4623;4.0303
4624;3.96226
4625;3.39437
4626;3.57803
4627;3.92632
4628;3.63158
4629;3.35714
4630;3.82143
4631;3.53846
4632;3.90566
4633;4.06757
4634;4.80208
4635;3.7474
4636;2.05
4637;3.59593
4638;2.93939
4639;4.28261
4640;2.6963
4641;4.07692
4642;3.66667
4643;3.01075
4644;3.44094
4645;4.12281
4646;3.14706
4647;3.48383
4648;3.67647
4649;4.8
4650;2.95489
4651;3.55556
4652;4.28571
4653;3.38667
4654;4.05405
4655;3.68371
4656;3.91045
4657;3.96667
4658;2.40079
4659;4.10326
4660;3.975
4661;4.02139
4662;2.84663
4663;3.29412
4664;4.22222
4665;4.05882
4666;3.44654
4667;4.30303
4668;4.21429
4669;3.66667
4670;3.36264
4671;3.86364
4672;3.38889
4673;3.82952
4674;4.11494
4675;3.79412
4676;3.70968
4677;4.19048
4678;3.63158
4679;3.31667
4680;3.71233
4681;3.81633
4682;3.55694
4683;2.48214
4684;3.72414
4685;3.13333
4686;4.36471
4687;4.25
4688;3.7686
4689;3.95455
4690;3.81429
4691;3.46269
4692;3.46667
4693;4.02174
4694;4.16667
4695;3.19231
4696;3.79167
4697;4.17829
4698;3.73913
4699;3.22152
4700;3.29167
4701;4.42857
4702;4.06818
4703;3.68182
4704;2.35811
4705;3.97143
4706;3.38144
4707;3.33333
4708;3.83467
4709;3.59615
4710;4.07143
4711;3.77982
4712;2.93548
4713;3.18333
4714;3.61818
4715;3.6086
4716;4.2381
4717;3.97403
4718;4.04724
4719;4.24138
4720;4.16667
4721;4.02985
4722;3.82759
4723;4.25
4724;4.07143
4725;3.15267
4726;3.64082
4727;3.78182
4728;3.4977
4729;3.81951
4730;3.88
4731;4.06
4732;3.67891
4733;3.84211
4734;4.10897
4735;4.03125
4736;3.3193
4737;4.28
4738;3.58192
4739;3.87
4740;3.95652
4741;4.47368
4742;3.39485
4743;4.10714
4744;4.1
4745;3.87368
4746;3.55556
4747;3.48848
4748;4.2291
4749;3.65
4750;4.02553
4751;3.96429
4752;4.22727
4753;3.58621
4754;3.63182
4755;4.75
4756;3.7037
4757;4.11236
4758;3.71429
4759;3.82927
4760;3.75926
4761;3.44737
4762;4.03077
4763;3.91837
4764;4.07895
4765;4.06122
4766;3.575
4767;3.63158
4768;4.14286
4769;3.47368
4770;3.66667
4771;3.7619
4772;4.10714
4773;4.10526
4774;4.28235
4775;3.52941
4776;4.36364
4777;3.93939
4778;4.25
4779;4.20526
4780;4.21
4781;3.925
4782;3.66355
4783;3.68627
4784;4.02865
4785;3.99588
4786;3.80115
4787;3.2
4788;3.3554
4789;3.52119
4790;3.38617
4791;3.19196
4792;3.72727
4793;3.14286
4794;4.35789
4795;4.02941
4796;3.59425
4797;3.96226
4798;3.47475
4799;3.76364
4800;3.22318
4801;4.72222
4802;4.0846
4803;3.78788
4804;2.45238
4805;3.67647
4806;3.97222
4807;3.54878
4808;3.28706
4809;4.00617
4810;3.1676
4811;4.18919
4812;3.32456
4813;4.18557
4814;3.45625
4815;4.37681
4816;4.22324
4817;4.38824
4818;3.91304
4819;3.80368
4820;3.47059
4821;3.46698
4822;3.52
4823;3.34129
4824;3.77889
4825;3.92857
4826;3.7047
4827;3.37313
4828;3.67045
4829;3.80201
4830;3.57282
4831;4.1028
4832;3.76984
4833;4.05405
4834;3.63137
4835;3.7027
4836;3.44828
4837;3.26351
4838;3.88235
4839;3.13636
4840;3.69565
4841;3.6125
4842;4.09677
4843;4.02
4844;3.88889
4845;3.92199
4846;3.39286
4847;4.01562
4848;3.82
4849;3.9927
4850;3.96774
4851;3.66667
4852;3.76147
4853;4.11429
4854;3.78378
4855;3.02913
4856;3.72222
4857;3.28571
4858;3.99038
4859;4.27027
4860;3.90909
4861;3.83978
4862;3.45882
4863;3.51852
4864;4.10345
4865;3.38053
4866;4.02857
4867;3.79646
4868;3.71613
4869;3.29389
4870;3.67925
4871;4.0
4872;3.52778
4873;4.27273
4874;4.37931
4875;3.95699
4876;4.08571
4877;3.72152
4878;3.7
4879;3.42105
4880;3.78947
4881;3.94444
4882;4.03158
4883;2.82979
4884;3.85387
4885;4.46429
4886;3.96809
4887;3.37401
4888;4.34545
4889;4.33613
4890;3.43671
4891;3.875
4892;3.21296
4893;3.9
4894;3.84211
4895;4.15873
4896;3.2973
4897;3.3523
4898;4.18224
4899;3.68
4900;4.14286
4901;3.83333
4902;3.56557
4903;4.01923
4904;4.5651
4905;3.3913
4906;3.90583
4907;3.45833
4908;3.99029
4909;3.77778
4910;3.625
4911;3.36
4912;4.0
4913;3.85
4914;3.80851
4915;3.58333
4916;2.06667
4917;3.52174
4918;3.42701
4919;4.09091
4920;4.02326
4921;4.20419
4922;3.74432
4923;3.73077
4924;4.05405
4925;4.75
4926;3.5
4927;3.97458
4928;3.25503
4929;4.21622
4930;4.03448
4931;4.22973
4932;3.84539
4933;3.61538
4934;3.19048
4935;3.55556
4936;3.94286
4937;4.12821
4938;3.63889
4939;3.72956
4940;3.90873
4941;3.36667
4942;3.5743
4943;3.94444
4944;4.33333
4945;3.8062
4946;3.79661
4947;4.21978
4948;3.18301
4949;4.05405
4950;3.57111
4951;3.7148
4952;3.67391
4953;3.8209
4954;3.22321
4955;4.125
4956;3.81057
4957;3.18685
4958;3.4125
4959;4.17318
4960;4.14706
4961;3.29586
4962;3.83756
4963;3.61
4964;3.56793
4965;3.13846
4966;3.77778
4967;3.96552
4968;4.33333
4969;3.15385
4970;3.62069
4971;4.08696
4972;3.41528
4973;3.65248
4974;3.16667
4975;3.79874
4976;3.33962
4977;3.13174
4978;3.68657
4979;2.95652
4980;3.55497
4981;4.07971
4982;4.6
4983;3.96923
4984;3.3172
4985;3.75362
4986;4.40909
4987;3.48936
4988;3.95455
4989;3.95455
4990;4.29825
4991;3.42105
4992;3.85714
4993;3.80488
4994;4.25806
4995;3.46154
4996;3.96429
4997;3.13208
4998;4.13433
4999;4.0
5000;4.35405
5001;4.10577
5002;3.40084
5003;4.48387
5004;3.78378
5005;3.39075
5006;4.35714
5007;4.38095
5008;4.17098
5009;4.11111
5010;4.04348
5011;3.93663
5012;3.36842
5013;3.92647
5014;3.34848
5015;3.95784
5016;2.97674
5017;4.10811
5018;3.97778
5019;3.29747
5020;3.76531
5021;3.33537
5022;4.34375
5023;3.32727
5024;3.83099
5025;4.14414
5026;2.85856
5027;3.5
5028;3.65
5029;3.48
5030;3.77778
5031;4.17308
5032;3.87778
5033;4.36364
5034;3.928
5035;3.75556
5036;2.97674
5037;3.95604
5038;3.64171
5039;2.21557
5040;3.85149
5041;4.21429
5042;3.47321
5043;4.18182
5044;4.16129
5045;3.25926
5046;3.66581
5047;3.50847
5048;4.36471
5049;4.02924
5050;3.94737
5051;3.82143
5052;4.27778
5053;3.79621
5054;3.32412
5055;3.65789
5056;4.51462
5057;3.55072
5058;4.33333
5059;3.584
5060;3.98649
5061;3.64062
5062;4.31818
5063;3.81188
5064;4.13187
5065;3.68313
5066;4.1
5067;4.14286
5068;4.05556
5069;4.73913
5070;3.5344
5071;4.11688
5072;4.30357
5073;4.54545
5074;3.43931
5075;4.28846
5076;3.44118
5077;3.58005
5078;3.94545
5079;3.42373
5080;4.01639
5081;3.76923
5082;3.74272
5083;3.58755
5084;2.86722
5085;4.42079
5086;3.96599
5087;3.49638
5088;4.2
5089;3.77778
5090;4.15915
5091;3.74007
5092;4.04412
5093;3.72727
5094;4.42105
5095;4.525
5096;3.40244
5097;4.0
5098;3.14286
5099;3.91011
5100;4.18774
5101;2.4
5102;4.55303
5103;4.34892
5104;4.16327
5105;3.14286
5106;3.81429
5107;3.22083
5108;3.39286
5109;3.69355
5110;4.47826
5111;3.63674
5112;3.06164
5113;2.52465
5114;3.78169
5115;4.35897
5116;4.22222
5117;3.11111
5118;3.03571
5119;3.90476
5120;3.75294
5121;3.46259
5122;4.58824
5123;3.28723
5124;3.54098
5125;4.26667
5126;3.96124
5127;3.2
5128;3.83146
5129;3.80952
5130;4.32
5131;3.40751
5132;4.32075
5133;3.11111
5134;3.72414
5135;3.85714
5136;3.71134
5137;4.12264
5138;3.25676
5139;3.50877
5140;3.40774
5141;3.92308
5142;3.55556
5143;4.03604
5144;3.7931
5145;3.1875
5146;3.30769
5147;3.64706
5148;3.90909
5149;4.03448
5150;3.75862
5151;2.84932
5152;2.95455
5153;3.25296
5154;4.16129
5155;2.875
5156;4.21799
5157;4.17105
5158;3.86111
5159;3.0
5160;4.08333
5161;3.09091
5162;3.53125
5163;3.77371
5164;4.27273
5165;4.52222
5166;4.25962
5167;4.06338
5168;4.44444
5169;3.61607
5170;4.16949
5171;3.69565
5172;3.47666
5173;3.47154
5174;3.95
5175;3.86207
5176;3.63415
5177;3.40909
5178;3.63386
5179;3.45455
5180;4.22018
5181;4.0
5182;3.78545
5183;3.67742
5184;3.91513
5185;3.2902
5186;3.71642
5187;3.49074
5188;3.90909
5189;3.58974
5190;3.92683
5191;3.74194
5192;3.80952
5193;3.68508
5194;3.50769
5195;4.2807
5196;3.12329
5197;3.52632
5198;2.93281
5199;3.41176
5200;3.98182
5201;3.41935
5202;3.37037
5203;3.97059
5204;4.12821
5205;3.34954
5206;3.96296
5207;3.86364
5208;4.06481
5209;3.89655
5210;3.81356
5211;3.69149
5212;4.5
5213;3.46667
5214;2.41379
5215;4.44444
5216;3.33333
5217;3.36066
5218;4.25641
5219;3.9386
5220;3.35528
5221;4.15385
5222;3.15441
5223;3.32787
5224;2.87097
5225;3.61111
5226;3.81013
5227;3.12857
5228;3.72727
5229;4.08065
5230;3.71429
5231;4.0
5232;3.34211
5233;3.88119
5234;3.79381
5235;4.0625
5236;3.60684
5237;3.39216
5238;3.63158
5239;3.79537
5240;4.15152
5241;3.51765
5242;3.1
5243;3.56522
5244;3.83333
5245;4.0
5246;3.72881
5247;3.03571
5248;3.57303
5249;3.23154
5250;3.48897
5251;3.5906
5252;4.24138
5253;3.81203
5254;3.57333
5255;4.64493
5256;3.29233
5257;4.15556
5258;4.1875
5259;4.03226
5260;3.52356
5261;3.35106
5262;2.93651
5263;3.64167
5264;3.70423
5265;3.86056
5266;4.10714
5267;3.69767
5268;3.08126
5269;3.29452
5270;3.86022
5271;3.63377
5272;2.95833
5273;3.99648
5274;3.45833
5275;4.16092
5276;3.57971
5277;3.36749
5278;3.55901
5279;3.72917
5280;3.6
5281;3.8412
5282;3.14894
5283;3.48473
5284;3.82812
5285;3.78049
5286;3.94479
5287;3.65482
5288;3.75676
5289;3.91837
5290;4.08824
5291;4.40323
5292;3.6
5293;3.84507
5294;3.95745
5295;3.6
5296;4.14062
5297;3.91304
5298;3.12
5299;2.85185
5300;4.21154
5301;3.33846
5302;3.47664
5303;3.85
5304;3.46667
5305;3.89754
5306;3.35221
5307;3.60784
5308;3.48649
5309;3.82353
5310;4.0
5311;3.425
5312;3.85325
5313;4.13158
5314;3.63158
5315;4.03125
5316;3.91892
5317;4.04073
5318;3.65882
5319;3.80501
5320;2.61111
5321;3.09924
5322;3.85263
5323;3.68831
5324;3.92453
5325;3.29545
5326;2.42241
5327;3.82639
5328;3.58333
5329;4.1417
5330;3.39623
5331;3.30435
5332;4.37879
5333;3.55642
5334;1.95349
5335;3.97931
5336;4.39535
5337;4.19512
5338;3.79787
5339;3.77778
5340;3.635
5341;3.61062
5342;3.82353
5343;4.625
5344;3.59777
5345;3.63545
5346;3.92308
5347;3.11915
5348;3.52273
5349;4.10427
5350;2.92574
5351;3.91304
5352;3.71429
5353;3.75701
5354;3.68293
5355;3.61963
5356;3.51351
5357;3.86364
5358;4.13636
5359;3.71058
5360;3.44737
5361;3.59509
5362;3.09877
5363;4.35714
5364;3.86462
5365;3.77737
5366;3.54955
5367;2.68691
5368;3.17241
5369;3.73094
5370;2.70833
5371;4.09333
5372;3.96875
5373;3.96667
5374;3.69048
5375;4.44
5376;3.76923
5377;3.65789
5378;3.70186
5379;3.69697
5380;3.05
5381;3.95455
5382;3.91667
5383;4.0
5384;4.40909
5385;3.94737
5386;3.81633
5387;3.56573
5388;4.04545
5389;3.37063
5390;3.84772
5391;3.5
5392;4.05263
5393;3.21053
5394;3.35921
5395;3.66667
5396;4.12658
5397;3.28986
5398;3.91667
5399;4.0
5400;3.66667
5401;4.08462
5402;3.6092
5403;3.50676
5404;3.85492
5405;3.6
5406;3.36937
5407;4.28
5408;4.05376
5409;3.26316
5410;3.5
5411;2.78261
5412;3.82353
5413;4.19617
5414;3.76056
5415;3.52
5416;4.22727
5417;3.1
5418;3.63839
5419;3.78947
5420;2.675
5421;3.87838
5422;3.7574
5423;4.14286
5424;3.81301
5425;3.82927
5426;3.43796
5427;4.57333
5428;3.95455
5429;3.84426
5430;3.79231
5431;3.97297
5432;3.98765
5433;2.98174
5434;3.98636
5435;4.21622
5436;3.58065
5437;3.65942
5438;3.47059
5439;3.42105
5440;4.46667
5441;3.77348
5442;3.96721
5443;4.14365
5444;2.97222
5445;3.82353
5446;4.44954
5447;4.35
5448;3.3465
5449;4.13462
5450;3.46284
5451;4.22472
5452;3.29845
5453;3.67556
5454;4.13333
5455;3.536
5456;3.60526
5457;3.57692
5458;3.68306
5459;3.95597
5460;4.36486
5461;4.15556
5462;3.88571
5463;3.83399
5464;4.20561
5465;3.33333
5466;4.109
5467;3.69231
5468;3.6289
5469;4.12381
5470;3.95918
5471;3.76
5472;2.92361
5473;3.99029
5474;3.59091
5475;4.05539
5476;4.17241
5477;3.6087
5478;3.6129
5479;3.65306
5480;3.38971
5481;3.43137
5482;3.91354
5483;3.87
5484;4.45714
5485;3.74747
5486;4.11628
5487;4.375
5488;3.41921
5489;4.12698
5490;3.3125
5491;3.69474
5492;2.92082
5493;3.32617
5494;3.93151
5495;3.89286
5496;3.70833
5497;4.00794
5498;3.75472
5499;4.6
5500;4.0
5501;3.15607
5502;3.70642
5503;3.93182
5504;4.16029
5505;3.96203
5506;3.62264
5507;3.32432
5508;3.69565
5509;3.44792
5510;3.98148
5511;4.11729
5512;4.13964
5513;4.2623
5514;4.0
5515;3.64286
5516;4.0458
5517;4.09375
5518;3.84615
5519;3.34615
5520;3.89865
5521;4.04082
5522;3.87527
5523;3.75362
5524;3.70068
5525;3.94444
5526;3.76172
5527;3.625
5528;4.38806
5529;4.3
5530;3.00683
5531;3.8963
5532;3.40426
5533;4.17647
5534;4.19672
5535;3.58333
5536;2.92215
5537;4.4
5538;3.875
5539;3.74887
5540;3.80556
5541;4.04167
5542;4.65152
5543;3.59937
5544;3.525
5545;4.35461
5546;3.43333
5547;3.54962
5548;3.37086
5549;3.64516
5550;3.64433
5551;3.14035
5552;3.13462
5553;3.64463
5554;3.64835
5555;3.11647
5556;3.28846
5557;4.20225
5558;2.4141
5559;4.18421
5560;4.19737
5561;2.96
5562;3.49254
5563;3.57143
5564;3.29268
5565;3.96407
5566;3.81481
5567;3.41848
5568;4.01923
5569;3.43721
5570;3.84015
5571;3.46535
5572;3.83607
5573;3.84177
5574;3.74699
5575;2.95436
5576;3.91045
5577;3.375
5578;3.97468
5579;4.18182
5580;3.87927
5581;4.3125
5582;4.58678
5583;3.84259
5584;3.51429
5585;3.77333
5586;4.07143
5587;3.86538
5588;3.79412
5589;4.53125
5590;3.68966
5591;4.225
5592;4.01709
5593;4.35135
5594;4.1
5595;3.15625
5596;4.05882
5597;3.15263
5598;3.83846
5599;3.38785
5600;3.90204
5601;3.45055
5602;3.98551
5603;2.30818
5604;3.5279
5605;2.98813
5606;3.78261
5607;3.51079
5608;3.73913
5609;4.66667
5610;4.19444
5611;4.27586
5612;2.90323
5613;3.6875
5614;3.79392
5615;3.45035
5616;3.84426
5617;3.52239
5618;3.92308
5619;3.65116
5620;3.40196
5621;3.02771
5622;4.10256
5623;3.91286
5624;3.38532
5625;3.93798
5626;4.37013
5627;2.97703
5628;3.52381
5629;4.47727
5630;4.19262
5631;4.18056
5632;3.62963
5633;3.81081
5634;3.72598
5635;3.5
5636;3.15425
5637;3.95238
5638;3.52747
5639;3.94444
5640;3.3
5641;3.22222
5642;3.51064
5643;3.21458
5644;4.0
5645;4.29032
5646;3.74
5647;3.67153
5648;3.59434
5649;3.59116
5650;2.92058
5651;3.86111
5652;3.40206
5653;3.89952
5654;3.80843
5655;3.73148
5656;2.96154
5657;4.09189
5658;4.13393
5659;3.52406
5660;3.75
5661;3.92105
5662;3.91176
5663;3.6214
5664;3.97683
5665;4.07317
5666;3.63333
5667;3.86102
5668;4.12346
5669;3.09524
5670;4.25758
5671;4.49038
5672;3.29167
5673;3.81967
5674;4.11429
5675;3.81391
5676;2.83465
5677;3.55909
5678;3.824
5679;4.3865
5680;4.01399
5681;3.63333
5682;3.71978
5683;3.72222
5684;3.43046
5685;3.62857
5686;2.03854
5687;3.75676
5688;3.49425
5689;3.64745
5690;4.40909
5691;4.08772
5692;4.01852
5693;3.53659
5694;4.14286
5695;3.28571
5696;4.54545
5697;3.66667
5698;3.63441
5699;3.12177
5700;3.91429
5701;3.8381
5702;3.84158
5703;4.0
5704;4.28395
5705;3.72561
5706;3.8543
5707;4.35165
5708;3.10112
5709;3.74528
5710;3.58209
5711;3.5
5712;3.52113
5713;3.39286
5714;3.67778
5715;3.72152
5716;3.92347
5717;3.73563
5718;4.07558
5719;3.08696
5720;2.77879
5721;3.82222
5722;3.63873
5723;3.41622
5724;4.11628
5725;3.45
5726;3.80741
5727;3.23404
5728;3.46644
5729;4.24074
5730;3.21687
5731;4.2
5732;3.7
5733;4.10695
5734;3.84656
5735;3.90909
5736;4.20455
5737;3.56944
5738;3.14043
5739;4.13636
5740;2.47945
5741;3.02326
5742;4.10638
5743;4.4
5744;3.88119
5745;3.71212
5746;3.58667
5747;3.2544
5748;3.97917
5749;3.64516
5750;3.53271
5751;3.55422
5752;3.81159
5753;4.19697
5754;3.09877
5755;3.65376
5756;3.84211
5757;4.09615
5758;4.04348
5759;3.63372
5760;3.48276
5761;3.17188
5762;3.95785
5763;3.46732
5764;4.08163
5765;3.37619
5766;3.7093
5767;3.66349
5768;4.71875
5769;3.8705
5770;4.376
5771;3.39331
5772;3.0
5773;3.44828
5774;3.56863
5775;3.71892
5776;3.67665
5777;3.91964
5778;4.22414
5779;3.43017
5780;3.76151
5781;3.47826
5782;3.65686
5783;3.9375
5784;3.61538
5785;4.28696
5786;3.45578
5787;3.70732
5788;2.71123
5789;3.84615
5790;3.74419
5791;4.06742
5792;3.66939
5793;4.23077
5794;3.74254
5795;3.06471
5796;3.63636
5797;3.51786
5798;3.64078
5799;3.65625
5800;3.31818
5801;3.9434
5802;4.11429
5803;2.84746
5804;3.57895
5805;4.08029
5806;3.85354
5807;3.82353
5808;4.26667
5809;3.77542
5810;3.9
5811;3.45423
5812;3.58049
5813;3.64198
5814;4.07692
5815;3.86301
5816;3.56667
5817;4.17391
5818;3.46667
5819;3.7037
5820;3.43478
5821;3.86441
5822;3.6087
5823;4.01
5824;3.21529
5825;4.04545
5826;3.61818
5827;3.69697
5828;2.5
5829;3.80597
5830;3.93617
5831;3.67892
5832;4.07353
5833;3.91463
5834;3.56
5835;4.24138
5836;3.72727
5837;3.88454
5838;3.79602
5839;4.53333
5840;3.68519
5841;4.14052
5842;4.08163
5843;2.715
5844;3.85185
5845;4.29268
5846;4.10714
5847;3.98165
5848;3.72452
5849;3.975
5850;1.86792
5851;3.99351
5852;3.49673
5853;3.43262
5854;3.44054
5855;4.0625
5856;3.54237
5857;3.35955
5858;4.07143
5859;4.0
5860;3.91781
5861;3.75301
5862;4.6
5863;3.89474
5864;4.25
5865;3.375
5866;3.83871
5867;3.66667
5868;4.08197
5869;3.61111
5870;3.97222
5871;4.16129
5872;3.37021
5873;4.22581
5874;3.53309
5875;3.84733
5876;3.73684
5877;3.63158
5878;3.66176
5879;3.87234
5880;3.20324
5881;3.56863
5882;3.63889
5883;3.375
5884;3.85915
5885;4.10714
5886;3.28444
5887;3.64789
5888;3.19298
5889;3.91379
5890;3.89632
5891;3.64286
5892;4.10577
5893;3.16418
5894;3.91589
5895;3.52727
5896;2.54124
5897;3.9
5898;3.875
5899;3.31579
5900;3.30833
5901;3.14815
5902;3.60759
5903;3.81159
5904;3.57895
5905;3.64286
5906;3.90598
5907;3.79545
5908;4.13613
5909;3.25
5910;3.71304
5911;3.82468
5912;3.55856
5913;3.83099
5914;4.0
5915;3.6391
5916;3.16283
5917;3.92488
5918;4.25
5919;3.19355
5920;3.95455
5921;3.43902
5922;3.62679
5923;3.78788
5924;3.57534
5925;3.85311
5926;3.72414
5927;3.67347
5928;3.4
5929;3.39583
5930;4.36364
5931;3.52941
5932;3.40909
5933;4.35135
5934;4.03846
5935;3.58824
5936;4.61111
5937;3.28571
5938;3.90698
5939;4.0297
5940;3.23913
5941;3.8125
5942;4.02548
5943;4.12069
5944;2.33333
5945;4.16129
5946;3.78652
5947;2.99248
5948;4.24865
5949;3.54217
5950;3.0
5951;4.0
5952;4.34959
5953;3.96429
5954;3.27869
5955;3.59942
5956;3.36264
5957;3.52941
5958;3.85149
5959;2.71875
5960;3.79518
5961;3.06738
5962;4.5
5963;3.50595
5964;3.78313
5965;3.27027
5966;3.23333
5967;3.72222
5968;4.35484
5969;3.46341
5970;3.84615
5971;3.52
5972;3.7203
5973;4.35294
5974;3.39462
5975;3.94
5976;3.35398
5977;4.08511
5978;3.19391
5979;3.73333
5980;3.63542
5981;3.61004
5982;3.90351
5983;3.95833
5984;4.69231
5985;3.71579
5986;4.41071
5987;3.46296
5988;3.30137
5989;3.86154
5990;3.44487
5991;3.49351
5992;3.53226
5993;3.54167
5994;4.29167
5995;3.97619
5996;3.81356
5997;4.35294
5998;3.25175
5999;4.07692
6000;3.24783
6001;3.57746
6002;4.06369
6003;4.09483
6004;3.40385
6005;3.69048
6006;3.19298
6007;3.14478
6008;3.57576
6009;3.32203
6010;3.94286
6011;3.96667
6012;2.95238
6013;4.12389
6014;3.88542
6015;3.76364
6016;3.18323
6017;3.53125
6018;3.60544
6019;3.43038
6020;4.38462
6021;3.49153
6022;3.78571
6023;3.70229
6024;4.15116
6025;3.31301
6026;3.5873
6027;4.23529
6028;3.46341
6029;3.93103
6030;3.91346
6031;3.70213
6032;4.17021
6033;3.81034
6034;4.125
6035;2.64286
6036;3.291
6037;3.72626
6038;3.84211
6039;3.87156
6040;3.58917
